Pokedex with Leading 0,Name,Suffix,Form,Filename by No,Filename by Name,Filename by Name and No,Filename by No and Form
001,Bulbasaur,,,001.png,Bulbasaur.png,001Bulbasaur.png,001.png,
002,Ivysaur,,,002.png,Ivysaur.png,002Ivysaur.png,002.png,
003,Venusaur,,,003.png,Venusaur.png,003Venusaur.png,003.png,
003,Venusaur,Gmax,3,003-gmax.png,Venusaur_Gmax.png,003Venusaur_Gmax.png,003_f3.png,
003,Venusaur,Mega,2,003-mega.png,Venusaur_Mega.png,003Venusaur_Mega.png,003_f2.png,
004,Charmander,,,004.png,Charmander.png,004Charmander.png,004.png,
005,Charmeleon,,,005.png,Charmeleon.png,005Charmeleon.png,005.png,
006,Charizard,,,006.png,Charizard.png,006Charizard.png,006.png,
006,Charizard,Gmax,4,006-gmax.png,Charizard_Gmax.png,006Charizard_Gmax.png,006_f4.png,
006,Charizard,Mega-X,2,006-mega-x.png,Charizard_Mega-X.png,006Charizard_Mega-X.png,006_f2.png,
006,Charizard,Mega-Y,3,006-mega-y.png,Charizard_Mega-Y.png,006Charizard_Mega-Y.png,006_f3.png,
007,Squirtle,,,007.png,Squirtle.png,007Squirtle.png,007.png,
008,Wartortle,,,008.png,Wartortle.png,008Wartortle.png,008.png,
009,Blastoise,,,009.png,Blastoise.png,009Blastoise.png,009.png,
009,Blastoise,Gmax,3,009-gmax.png,Blastoise_Gmax.png,009Blastoise_Gmax.png,009_f3.png,
009,Blastoise,Mega,2,009-mega.png,Blastoise_Mega.png,009Blastoise_Mega.png,009_f2.png,
010,Caterpie,,,010.png,Caterpie.png,010Caterpie.png,010.png,
011,Metapod,,,011.png,Metapod.png,011Metapod.png,011.png,
012,Butterfree,,,012.png,Butterfree.png,012Butterfree.png,012.png,
012,Butterfree,Gmax,2,012-gmax.png,Butterfree_Gmax.png,012Butterfree_Gmax.png,012_f2.png,
013,Weedle,,,013.png,Weedle.png,013Weedle.png,013.png,
014,Kakuna,,,014.png,Kakuna.png,014Kakuna.png,014.png,
015,Beedrill,,,015.png,Beedrill.png,015Beedrill.png,015.png,
015,Beedrill,Mega,2,015-mega.png,Beedrill_Mega.png,015Beedrill_Mega.png,015_f2.png,
016,Pidgey,,,016.png,Pidgey.png,016Pidgey.png,016.png,
017,Pidgeotto,,,017.png,Pidgeotto.png,017Pidgeotto.png,017.png,
018,Pidgeot,,,018.png,Pidgeot.png,018Pidgeot.png,018.png,
018,Pidgeot,Mega,2,018-mega.png,Pidgeot_Mega.png,018Pidgeot_Mega.png,018_f2.png,
019,Rattata,,,019.png,Rattata.png,019Rattata.png,019.png,
019,Rattata,Alola,2,019-alola.png,Rattata_Alola.png,019Rattata_Alola.png,019_f2.png,
020,Raticate,,,020.png,Raticate.png,020Raticate.png,020.png,
020,Raticate,Alola,2,020-alola.png,Raticate_Alola.png,020Raticate_Alola.png,020_f2.png,
021,Spearow,,,021.png,Spearow.png,021Spearow.png,021.png,
022,Fearow,,,022.png,Fearow.png,022Fearow.png,022.png,
023,Ekans,,,023.png,Ekans.png,023Ekans.png,023.png,
024,Arbok,,,024.png,Arbok.png,024Arbok.png,024.png,
025,Pikachu,,,025.png,Pikachu.png,025Pikachu.png,025.png,
025,Pikachu,Gmax,2,025-gmax.png,Pikachu_Gmax.png,025Pikachu_Gmax.png,025_f2.png,
025,Pikachu,Belle,99,025-belle.png,Pikachu_Belle.png,025Pikachu_Belle.png,025_f99.png,
025,Pikachu,Cosplay,99,025-cosplay.png,Pikachu_Cosplay.png,025Pikachu_Cosplay.png,025_f99.png,
025,Pikachu,Libre,99,025-libre.png,Pikachu_Libre.png,025Pikachu_Libre.png,025_f99.png,
025,Pikachu,PhD,99,025-phd.png,Pikachu_PhD.png,025Pikachu_PhD.png,025_f99.png,
025,Pikachu,Pop-Star,99,025-pop-star.png,Pikachu_Pop-Star.png,025Pikachu_Pop-Star.png,025_f99.png,
025,Pikachu,Rock-Star,99,025-rock-star.png,Pikachu_Rock-Star.png,025Pikachu_Rock-Star.png,025_f99.png,
026,Raichu,,,026.png,Raichu.png,026Raichu.png,026.png,
026,Raichu,Alola,,026-alola.png,Raichu_Alola.png,026Raichu_Alola.png,026.png,
027,Sandshrew,,,027.png,Sandshrew.png,027Sandshrew.png,027.png,
027,Sandshrew,Alola,2,027-alola.png,Sandshrew_Alola.png,027Sandshrew_Alola.png,027_f2.png,
028,Sandslash,,,028.png,Sandslash.png,028Sandslash.png,028.png,
028,Sandslash,Alola,2,028-alola.png,Sandslash_Alola.png,028Sandslash_Alola.png,028_f2.png,
029,Nidoran♀,,,029.png,Nidoran♀.png,029Nidoran♀.png,029.png,
030,Nidorina,,,030.png,Nidorina.png,030Nidorina.png,030.png,
031,Nidoqueen,,,031.png,Nidoqueen.png,031Nidoqueen.png,031.png,
032,Nidoran♂,,,032.png,Nidoran♂.png,032Nidoran♂.png,032.png,
033,Nidorino,,,033.png,Nidorino.png,033Nidorino.png,033.png,
034,Nidoking,,,034.png,Nidoking.png,034Nidoking.png,034.png,
035,Clefairy,,,035.png,Clefairy.png,035Clefairy.png,035.png,
036,Clefable,,,036.png,Clefable.png,036Clefable.png,036.png,
037,Vulpix,,,037.png,Vulpix.png,037Vulpix.png,037.png,
037,Vulpix,Alola,2,037-alola.png,Vulpix_Alola.png,037Vulpix_Alola.png,037_f2.png,
038,Ninetales,,,038.png,Ninetales.png,038Ninetales.png,038.png,
038,Ninetales,Alola,2,038-alola.png,Ninetales_Alola.png,038Ninetales_Alola.png,038_f2.png,
039,Jigglypuff,,,039.png,Jigglypuff.png,039Jigglypuff.png,039.png,
040,Wigglytuff,,,040.png,Wigglytuff.png,040Wigglytuff.png,040.png,
041,Zubat,,,041.png,Zubat.png,041Zubat.png,041.png,
042,Golbat,,,042.png,Golbat.png,042Golbat.png,042.png,
043,Oddish,,,043.png,Oddish.png,043Oddish.png,043.png,
044,Gloom,,,044.png,Gloom.png,044Gloom.png,044.png,
045,Vileplume,,,045.png,Vileplume.png,045Vileplume.png,045.png,
046,Paras,,,046.png,Paras.png,046Paras.png,046.png,
047,Parasect,,,047.png,Parasect.png,047Parasect.png,047.png,
048,Venonat,,,048.png,Venonat.png,048Venonat.png,048.png,
049,Venomoth,,,049.png,Venomoth.png,049Venomoth.png,049.png,
050,Diglett,,,050.png,Diglett.png,050Diglett.png,050.png,
050,Diglett,Alola,2,050-alola.png,Diglett_Alola.png,050Diglett_Alola.png,050_f2.png,
051,Dugtrio,,,051.png,Dugtrio.png,051Dugtrio.png,051.png,
051,Dugtrio,Alola,2,051-alola.png,Dugtrio_Alola.png,051Dugtrio_Alola.png,051_f2.png,
052,Meowth,,,052.png,Meowth.png,052Meowth.png,052.png,
052,Meowth,Gmax,4,052-gmax.png,Meowth_Gmax.png,052Meowth_Gmax.png,052_f4.png,
052,Meowth,Alola,2,052-alola.png,Meowth_Alola.png,052Meowth_Alola.png,052_f2.png,
052,Meowth,Galar,3,052-galar.png,Meowth_Galar.png,052Meowth_Galar.png,052_f3.png,
053,Persian,,,053.png,Persian.png,053Persian.png,053.png,
053,Persian,Alola,2,053-alola.png,Persian_Alola.png,053Persian_Alola.png,053_f2.png,
054,Psyduck,,,054.png,Psyduck.png,054Psyduck.png,054.png,
055,Golduck,,,055.png,Golduck.png,055Golduck.png,055.png,
056,Mankey,,,056.png,Mankey.png,056Mankey.png,056.png,
057,Primeape,,,057.png,Primeape.png,057Primeape.png,057.png,
058,Growlithe,,,058.png,Growlithe.png,058Growlithe.png,058.png,
058,Growlithe,Hisui,2,058-hisui.png,Growlithe_Hisui.png,058Growlithe_Hisui.png,058_f2.png,
059,Arcanine,,,059.png,Arcanine.png,059Arcanine.png,059.png,
059,Arcanine,Hisui,2,059-hisui.png,Arcanine_Hisui.png,059Arcanine_Hisui.png,059_f2.png,
060,Poliwag,,,060.png,Poliwag.png,060Poliwag.png,060.png,
061,Poliwhirl,,,061.png,Poliwhirl.png,061Poliwhirl.png,061.png,
062,Poliwrath,,,062.png,Poliwrath.png,062Poliwrath.png,062.png,
063,Abra,,,063.png,Abra.png,063Abra.png,063.png,
064,Kadabra,,,064.png,Kadabra.png,064Kadabra.png,064.png,
065,Alakazam,,,065.png,Alakazam.png,065Alakazam.png,065.png,
065,Alakazam,Mega,2,065-mega.png,Alakazam_Mega.png,065Alakazam_Mega.png,065_f2.png,
066,Machop,,,066.png,Machop.png,066Machop.png,066.png,
067,Machoke,,,067.png,Machoke.png,067Machoke.png,067.png,
068,Machamp,,,068.png,Machamp.png,068Machamp.png,068.png,
068,Machamp,Gmax,2,068-gmax.png,Machamp_Gmax.png,068Machamp_Gmax.png,068_f2.png,
069,Bellsprout,,,069.png,Bellsprout.png,069Bellsprout.png,069.png,
070,Weepinbell,,,070.png,Weepinbell.png,070Weepinbell.png,070.png,
071,Victreebel,,,071.png,Victreebel.png,071Victreebel.png,071.png,
072,Tentacool,,,072.png,Tentacool.png,072Tentacool.png,072.png,
073,Tentacruel,,,073.png,Tentacruel.png,073Tentacruel.png,073.png,
074,Geodude,,,074.png,Geodude.png,074Geodude.png,074.png,
074,Geodude,Alola,2,074-alola.png,Geodude_Alola.png,074Geodude_Alola.png,074_f2.png,
075,Graveler,,,075.png,Graveler.png,075Graveler.png,075.png,
075,Graveler,Alola,2,075-alola.png,Graveler_Alola.png,075Graveler_Alola.png,075_f2.png,
076,Golem,,,076.png,Golem.png,076Golem.png,076.png,
076,Golem,Alola,2,076-alola.png,Golem_Alola.png,076Golem_Alola.png,076_f2.png,
077,Ponyta,,,077.png,Ponyta.png,077Ponyta.png,077.png,
077,Ponyta,Galar,2,077-galar.png,Ponyta_Galar.png,077Ponyta_Galar.png,077_f2.png,
078,Rapidash,,,078.png,Rapidash.png,078Rapidash.png,078.png,
078,Rapidash,Galar,2,078-galar.png,Rapidash_Galar.png,078Rapidash_Galar.png,078_f2.png,
079,Slowpoke,,,079.png,Slowpoke.png,079Slowpoke.png,079.png,
079,Slowpoke,Galar,2,079-galar.png,Slowpoke_Galar.png,079Slowpoke_Galar.png,079_f2.png,
080,Slowbro,,,080.png,Slowbro.png,080Slowbro.png,080.png,
080,Slowbro,Galar,3,080-galar.png,Slowbro_Galar.png,080Slowbro_Galar.png,080_f3.png,
080,Slowbro,Mega,2,080-mega.png,Slowbro_Mega.png,080Slowbro_Mega.png,080_f2.png,
081,Magnemite,,,081.png,Magnemite.png,081Magnemite.png,081.png,
082,Magneton,,,082.png,Magneton.png,082Magneton.png,082.png,
083,Farfetch'd,,,083.png,Farfetch'd.png,083Farfetch'd.png,083.png,
083,Farfetch'd,Galar,2,083-galar.png,Farfetch'd_Galar.png,083Farfetch'd_Galar.png,083_f2.png,
084,Doduo,,,084.png,Doduo.png,084Doduo.png,084.png,
085,Dodrio,,,085.png,Dodrio.png,085Dodrio.png,085.png,
086,Seel,,,086.png,Seel.png,086Seel.png,086.png,
087,Dewgong,,,087.png,Dewgong.png,087Dewgong.png,087.png,
088,Grimer,,,088.png,Grimer.png,088Grimer.png,088.png,
088,Grimer,Alola,2,088-alola.png,Grimer_Alola.png,088Grimer_Alola.png,088_f2.png,
089,Muk,,,089.png,Muk.png,089Muk.png,089.png,
089,Muk,Alola,2,089-alola.png,Muk_Alola.png,089Muk_Alola.png,089_f2.png,
090,Shellder,,,090.png,Shellder.png,090Shellder.png,090.png,
091,Cloyster,,,091.png,Cloyster.png,091Cloyster.png,091.png,
092,Gastly,,,092.png,Gastly.png,092Gastly.png,092.png,
093,Haunter,,,093.png,Haunter.png,093Haunter.png,093.png,
094,Gengar,,,094.png,Gengar.png,094Gengar.png,094.png,
094,Gengar,Gmax,3,094-gmax.png,Gengar_Gmax.png,094Gengar_Gmax.png,094_f3.png,
094,Gengar,Mega,2,094-mega.png,Gengar_Mega.png,094Gengar_Mega.png,094_f2.png,
095,Onix,,,095.png,Onix.png,095Onix.png,095.png,
096,Drowzee,,,096.png,Drowzee.png,096Drowzee.png,096.png,
097,Hypno,,,097.png,Hypno.png,097Hypno.png,097.png,
098,Krabby,,,098.png,Krabby.png,098Krabby.png,098.png,
099,Kingler,,,099.png,Kingler.png,099Kingler.png,099.png,
099,Kingler,Gmax,2,099-gmax.png,Kingler_Gmax.png,099Kingler_Gmax.png,099_f2.png,
100,Voltorb,,,100.png,Voltorb.png,100Voltorb.png,100.png,
100,Voltorb,Hisui,99,100-hisui.png,Voltorb_Hisui.png,100Voltorb_Hisui.png,100_f99.png,
101,Electrode,,,101.png,Electrode.png,101Electrode.png,101.png,
101,Electrode,Hisui,99,101-hisui.png,Electrode_Hisui.png,101Electrode_Hisui.png,101_f99.png,
102,Exeggcute,,,102.png,Exeggcute.png,102Exeggcute.png,102.png,
103,Exeggutor,,,103.png,Exeggutor.png,103Exeggutor.png,103.png,
103,Exeggutor,Alola,2,103-alola.png,Exeggutor_Alola.png,103Exeggutor_Alola.png,103_f2.png,
104,Cubone,,,104.png,Cubone.png,104Cubone.png,104.png,
105,Marowak,,,105.png,Marowak.png,105Marowak.png,105.png,
105,Marowak,Alola,2,105-alola.png,Marowak_Alola.png,105Marowak_Alola.png,105_f2.png,
106,Hitmonlee,,,106.png,Hitmonlee.png,106Hitmonlee.png,106.png,
107,Hitmonchan,,,107.png,Hitmonchan.png,107Hitmonchan.png,107.png,
108,Lickitung,,,108.png,Lickitung.png,108Lickitung.png,108.png,
109,Koffing,,,109.png,Koffing.png,109Koffing.png,109.png,
110,Weezing,,,110.png,Weezing.png,110Weezing.png,110.png,
110,Weezing,Galar,2,110-galar.png,Weezing_Galar.png,110Weezing_Galar.png,110_f2.png,
111,Rhyhorn,,,111.png,Rhyhorn.png,111Rhyhorn.png,111.png,
112,Rhydon,,,112.png,Rhydon.png,112Rhydon.png,112.png,
113,Chansey,,,113.png,Chansey.png,113Chansey.png,113.png,
114,Tangela,,,114.png,Tangela.png,114Tangela.png,114.png,
115,Kangaskhan,,,115.png,Kangaskhan.png,115Kangaskhan.png,115.png,
115,Kangaskhan,Mega,2,115-mega.png,Kangaskhan_Mega.png,115Kangaskhan_Mega.png,115_f2.png,
116,Horsea,,,116.png,Horsea.png,116Horsea.png,116.png,
117,Seadra,,,117.png,Seadra.png,117Seadra.png,117.png,
118,Goldeen,,,118.png,Goldeen.png,118Goldeen.png,118.png,
119,Seaking,,,119.png,Seaking.png,119Seaking.png,119.png,
120,Staryu,,,120.png,Staryu.png,120Staryu.png,120.png,
121,Starmie,,,121.png,Starmie.png,121Starmie.png,121.png,
122,Mr. Mime,,,122.png,Mr. Mime.png,122Mr. Mime.png,122.png,
122,Mr. Mime,Galar,2,122-galar.png,Mr. Mime_Galar.png,122Mr. Mime_Galar.png,122_f2.png,
123,Scyther,,,123.png,Scyther.png,123Scyther.png,123.png,
124,Jynx,,,124.png,Jynx.png,124Jynx.png,124.png,
125,Electabuzz,,,125.png,Electabuzz.png,125Electabuzz.png,125.png,
126,Magmar,,,126.png,Magmar.png,126Magmar.png,126.png,
127,Pinsir,,,127.png,Pinsir.png,127Pinsir.png,127.png,
127,Pinsir,Mega,2,127-mega.png,Pinsir_Mega.png,127Pinsir_Mega.png,127_f2.png,
128,Tauros,,,128.png,Tauros.png,128Tauros.png,128.png,
129,Magikarp,,,129.png,Magikarp.png,129Magikarp.png,129.png,
130,Gyarados,,,130.png,Gyarados.png,130Gyarados.png,130.png,
130,Gyarados,Mega,2,130-mega.png,Gyarados_Mega.png,130Gyarados_Mega.png,130_f2.png,
131,Lapras,,,131.png,Lapras.png,131Lapras.png,131.png,
131,Lapras,Gmax,2,131-gmax.png,Lapras_Gmax.png,131Lapras_Gmax.png,131_f2.png,
132,Ditto,,,132.png,Ditto.png,132Ditto.png,132.png,
133,Eevee,,,133.png,Eevee.png,133Eevee.png,133.png,
133,Eevee,Gmax,2,133-gmax.png,Eevee_Gmax.png,133Eevee_Gmax.png,133_f2.png,
134,Vaporeon,,,134.png,Vaporeon.png,134Vaporeon.png,134.png,
135,Jolteon,,,135.png,Jolteon.png,135Jolteon.png,135.png,
136,Flareon,,,136.png,Flareon.png,136Flareon.png,136.png,
137,Porygon,,,137.png,Porygon.png,137Porygon.png,137.png,
138,Omanyte,,,138.png,Omanyte.png,138Omanyte.png,138.png,
139,Omastar,,,139.png,Omastar.png,139Omastar.png,139.png,
140,Kabuto,,,140.png,Kabuto.png,140Kabuto.png,140.png,
141,Kabutops,,,141.png,Kabutops.png,141Kabutops.png,141.png,
142,Aerodactyl,,,142.png,Aerodactyl.png,142Aerodactyl.png,142.png,
142,Aerodactyl,Mega,2,142-mega.png,Aerodactyl_Mega.png,142Aerodactyl_Mega.png,142_f2.png,
143,Snorlax,,,143.png,Snorlax.png,143Snorlax.png,143.png,
143,Snorlax,Gmax,,143-gmax.png,Snorlax_Gmax.png,143Snorlax_Gmax.png,143.png,
144,Articuno,,,144.png,Articuno.png,144Articuno.png,144.png,
144,Articuno,Galar,2,144-galar.png,Articuno_Galar.png,144Articuno_Galar.png,144_f2.png,
145,Zapdos,,,145.png,Zapdos.png,145Zapdos.png,145.png,
145,Zapdos,Galar,2,145-galar.png,Zapdos_Galar.png,145Zapdos_Galar.png,145_f2.png,
146,Moltres,,,146.png,Moltres.png,146Moltres.png,146.png,
146,Moltres,Galar,2,146-galar.png,Moltres_Galar.png,146Moltres_Galar.png,146_f2.png,
147,Dratini,,,147.png,Dratini.png,147Dratini.png,147.png,
148,Dragonair,,,148.png,Dragonair.png,148Dragonair.png,148.png,
149,Dragonite,,,149.png,Dragonite.png,149Dragonite.png,149.png,
150,Mewtwo,,,150.png,Mewtwo.png,150Mewtwo.png,150.png,
150,Mewtwo,Mega-X,2,150-mega-x.png,Mewtwo_Mega-X.png,150Mewtwo_Mega-X.png,150_f2.png,
150,Mewtwo,Mega-Y,3,150-mega-y.png,Mewtwo_Mega-Y.png,150Mewtwo_Mega-Y.png,150_f3.png,
151,Mew,,,151.png,Mew.png,151Mew.png,151.png,
152,Chikorita,,,152.png,Chikorita.png,152Chikorita.png,152.png,
153,Bayleef,,,153.png,Bayleef.png,153Bayleef.png,153.png,
154,Meganium,,,154.png,Meganium.png,154Meganium.png,154.png,
155,Cyndaquil,,,155.png,Cyndaquil.png,155Cyndaquil.png,155.png,
156,Quilava,,,156.png,Quilava.png,156Quilava.png,156.png,
157,Typhlosion,,,157.png,Typhlosion.png,157Typhlosion.png,157.png,
157,Typhlosion,Hisui,99,157-hisui.png,Typhlosion_Hisui.png,157Typhlosion_Hisui.png,157_f99.png,
158,Totodile,,,158.png,Totodile.png,158Totodile.png,158.png,
159,Croconaw,,,159.png,Croconaw.png,159Croconaw.png,159.png,
160,Feraligatr,,,160.png,Feraligatr.png,160Feraligatr.png,160.png,
161,Sentret,,,161.png,Sentret.png,161Sentret.png,161.png,
162,Furret,,,162.png,Furret.png,162Furret.png,162.png,
163,Hoothoot,,,163.png,Hoothoot.png,163Hoothoot.png,163.png,
164,Noctowl,,,164.png,Noctowl.png,164Noctowl.png,164.png,
165,Ledyba,,,165.png,Ledyba.png,165Ledyba.png,165.png,
166,Ledian,,,166.png,Ledian.png,166Ledian.png,166.png,
167,Spinarak,,,167.png,Spinarak.png,167Spinarak.png,167.png,
168,Ariados,,,168.png,Ariados.png,168Ariados.png,168.png,
169,Crobat,,,169.png,Crobat.png,169Crobat.png,169.png,
170,Chinchou,,,170.png,Chinchou.png,170Chinchou.png,170.png,
171,Lanturn,,,171.png,Lanturn.png,171Lanturn.png,171.png,
172,Pichu,,,172.png,Pichu.png,172Pichu.png,172.png,
173,Cleffa,,,173.png,Cleffa.png,173Cleffa.png,173.png,
174,Igglybuff,,,174.png,Igglybuff.png,174Igglybuff.png,174.png,
175,Togepi,,,175.png,Togepi.png,175Togepi.png,175.png,
176,Togetic,,,176.png,Togetic.png,176Togetic.png,176.png,
177,Natu,,,177.png,Natu.png,177Natu.png,177.png,
178,Xatu,,,178.png,Xatu.png,178Xatu.png,178.png,
179,Mareep,,,179.png,Mareep.png,179Mareep.png,179.png,
180,Flaaffy,,,180.png,Flaaffy.png,180Flaaffy.png,180.png,
181,Ampharos,,,181.png,Ampharos.png,181Ampharos.png,181.png,
181,Ampharos,Mega,2,181-mega.png,Ampharos_Mega.png,181Ampharos_Mega.png,181_f2.png,
182,Bellossom,,,182.png,Bellossom.png,182Bellossom.png,182.png,
183,Marill,,,183.png,Marill.png,183Marill.png,183.png,
184,Azumarill,,,184.png,Azumarill.png,184Azumarill.png,184.png,
185,Sudowoodo,,,185.png,Sudowoodo.png,185Sudowoodo.png,185.png,
186,Politoed,,,186.png,Politoed.png,186Politoed.png,186.png,
187,Hoppip,,,187.png,Hoppip.png,187Hoppip.png,187.png,
188,Skiploom,,,188.png,Skiploom.png,188Skiploom.png,188.png,
189,Jumpluff,,,189.png,Jumpluff.png,189Jumpluff.png,189.png,
190,Aipom,,,190.png,Aipom.png,190Aipom.png,190.png,
191,Sunkern,,,191.png,Sunkern.png,191Sunkern.png,191.png,
192,Sunflora,,,192.png,Sunflora.png,192Sunflora.png,192.png,
193,Yanma,,,193.png,Yanma.png,193Yanma.png,193.png,
194,Wooper,,,194.png,Wooper.png,194Wooper.png,194.png,
195,Quagsire,,,195.png,Quagsire.png,195Quagsire.png,195.png,
196,Espeon,,,196.png,Espeon.png,196Espeon.png,196.png,
197,Umbreon,,,197.png,Umbreon.png,197Umbreon.png,197.png,
198,Murkrow,,,198.png,Murkrow.png,198Murkrow.png,198.png,
199,Slowking,,,199.png,Slowking.png,199Slowking.png,199.png,
199,Slowking,Galar,2,199-galar.png,Slowking_Galar.png,199Slowking_Galar.png,199_f2.png,
200,Misdreavus,,,200.png,Misdreavus.png,200Misdreavus.png,200.png,
201,Unown,A,,201-a.png,Unown_A.png,201Unown_A.png,201.png,
201,Unown,B,99,201-b.png,Unown_B.png,201Unown_B.png,201_f99.png,
201,Unown,C,99,201-c.png,Unown_C.png,201Unown_C.png,201_f99.png,
201,Unown,D,99,201-d.png,Unown_D.png,201Unown_D.png,201_f99.png,
201,Unown,E,99,201-e.png,Unown_E.png,201Unown_E.png,201_f99.png,
201,Unown,Ex,99,201-ex.png,Unown_Ex.png,201Unown_Ex.png,201_f99.png,
201,Unown,F,99,201-f.png,Unown_F.png,201Unown_F.png,201_f99.png,
201,Unown,G,99,201-g.png,Unown_G.png,201Unown_G.png,201_f99.png,
201,Unown,H,99,201-h.png,Unown_H.png,201Unown_H.png,201_f99.png,
201,Unown,I,99,201-i.png,Unown_I.png,201Unown_I.png,201_f99.png,
201,Unown,J,99,201-j.png,Unown_J.png,201Unown_J.png,201_f99.png,
201,Unown,K,99,201-k.png,Unown_K.png,201Unown_K.png,201_f99.png,
201,Unown,L,99,201-l.png,Unown_L.png,201Unown_L.png,201_f99.png,
201,Unown,M,99,201-m.png,Unown_M.png,201Unown_M.png,201_f99.png,
201,Unown,N,99,201-n.png,Unown_N.png,201Unown_N.png,201_f99.png,
201,Unown,O,99,201-o.png,Unown_O.png,201Unown_O.png,201_f99.png,
201,Unown,P,99,201-p.png,Unown_P.png,201Unown_P.png,201_f99.png,
201,Unown,Q,99,201-q.png,Unown_Q.png,201Unown_Q.png,201_f99.png,
201,Unown,Qu,99,201-qu.png,Unown_Qu.png,201Unown_Qu.png,201_f99.png,
201,Unown,R,99,201-r.png,Unown_R.png,201Unown_R.png,201_f99.png,
201,Unown,S,99,201-s.png,Unown_S.png,201Unown_S.png,201_f99.png,
201,Unown,T,99,201-t.png,Unown_T.png,201Unown_T.png,201_f99.png,
201,Unown,U,99,201-u.png,Unown_U.png,201Unown_U.png,201_f99.png,
201,Unown,V,99,201-v.png,Unown_V.png,201Unown_V.png,201_f99.png,
201,Unown,W,99,201-w.png,Unown_W.png,201Unown_W.png,201_f99.png,
201,Unown,X,99,201-x.png,Unown_X.png,201Unown_X.png,201_f99.png,
201,Unown,Y,99,201-y.png,Unown_Y.png,201Unown_Y.png,201_f99.png,
201,Unown,Z,99,201-z.png,Unown_Z.png,201Unown_Z.png,201_f99.png,
202,Wobbuffet,,,202.png,Wobbuffet.png,202Wobbuffet.png,202.png,
203,Girafarig,,,203.png,Girafarig.png,203Girafarig.png,203.png,
204,Pineco,,,204.png,Pineco.png,204Pineco.png,204.png,
205,Forretress,,,205.png,Forretress.png,205Forretress.png,205.png,
206,Dunsparce,,,206.png,Dunsparce.png,206Dunsparce.png,206.png,
207,Gligar,,,207.png,Gligar.png,207Gligar.png,207.png,
208,Steelix,,,208.png,Steelix.png,208Steelix.png,208.png,
208,Steelix,Mega,2,208-mega.png,Steelix_Mega.png,208Steelix_Mega.png,208_f2.png,
209,Snubbull,,,209.png,Snubbull.png,209Snubbull.png,209.png,
210,Granbull,,,210.png,Granbull.png,210Granbull.png,210.png,
211,Qwilfish,,,211.png,Qwilfish.png,211Qwilfish.png,211.png,
211,Qwilfish,hisui,99,211-hisui.png,Qwilfish_hisui.png,211Qwilfish_hisui.png,211_f99.png,
212,Scizor,,,212.png,Scizor.png,212Scizor.png,212.png,
212,Scizor,Mega,2,212-mega.png,Scizor_Mega.png,212Scizor_Mega.png,212_f2.png,
213,Shuckle,,,213.png,Shuckle.png,213Shuckle.png,213.png,
214,Heracross,,,214.png,Heracross.png,214Heracross.png,214.png,
214,Heracross,Mega,2,214-mega.png,Heracross_Mega.png,214Heracross_Mega.png,214_f2.png,
215,Sneasel,,,215.png,Sneasel.png,215Sneasel.png,215.png,
215,Sneasel,Hisui,99,215-hisui.png,Sneasel_Hisui.png,215Sneasel_Hisui.png,215_f99.png,
216,Teddiursa,,,216.png,Teddiursa.png,216Teddiursa.png,216.png,
217,Ursaring,,,217.png,Ursaring.png,217Ursaring.png,217.png,
218,Slugma,,,218.png,Slugma.png,218Slugma.png,218.png,
219,Magcargo,,,219.png,Magcargo.png,219Magcargo.png,219.png,
220,Swinub,,,220.png,Swinub.png,220Swinub.png,220.png,
221,Piloswine,,,221.png,Piloswine.png,221Piloswine.png,221.png,
222,Corsola,,,222.png,Corsola.png,222Corsola.png,222.png,
222,Corsola,Galar,2,222-galar.png,Corsola_Galar.png,222Corsola_Galar.png,222_f2.png,
223,Remoraid,,,223.png,Remoraid.png,223Remoraid.png,223.png,
224,Octillery,,,224.png,Octillery.png,224Octillery.png,224.png,
225,Delibird,,,225.png,Delibird.png,225Delibird.png,225.png,
226,Mantine,,,226.png,Mantine.png,226Mantine.png,226.png,
227,Skarmory,,,227.png,Skarmory.png,227Skarmory.png,227.png,
228,Houndour,,,228.png,Houndour.png,228Houndour.png,228.png,
229,Houndoom,,,229.png,Houndoom.png,229Houndoom.png,229.png,
229,Houndoom,Mega,2,229-mega.png,Houndoom_Mega.png,229Houndoom_Mega.png,229_f2.png,
230,Kingdra,,,230.png,Kingdra.png,230Kingdra.png,230.png,
231,Phanpy,,,231.png,Phanpy.png,231Phanpy.png,231.png,
232,Donphan,,,232.png,Donphan.png,232Donphan.png,232.png,
233,Porygon2,,,233.png,Porygon2.png,233Porygon2.png,233.png,
234,Stantler,,,234.png,Stantler.png,234Stantler.png,234.png,
235,Smeargle,,,235.png,Smeargle.png,235Smeargle.png,235.png,
236,Tyrogue,,,236.png,Tyrogue.png,236Tyrogue.png,236.png,
237,Hitmontop,,,237.png,Hitmontop.png,237Hitmontop.png,237.png,
238,Smoochum,,,238.png,Smoochum.png,238Smoochum.png,238.png,
239,Elekid,,,239.png,Elekid.png,239Elekid.png,239.png,
240,Magby,,,240.png,Magby.png,240Magby.png,240.png,
241,Miltank,,,241.png,Miltank.png,241Miltank.png,241.png,
242,Blissey,,,242.png,Blissey.png,242Blissey.png,242.png,
243,Raikou,,,243.png,Raikou.png,243Raikou.png,243.png,
244,Entei,,,244.png,Entei.png,244Entei.png,244.png,
245,Suicune,,,245.png,Suicune.png,245Suicune.png,245.png,
246,Larvitar,,,246.png,Larvitar.png,246Larvitar.png,246.png,
247,Pupitar,,,247.png,Pupitar.png,247Pupitar.png,247.png,
248,Tyranitar,,,248.png,Tyranitar.png,248Tyranitar.png,248.png,
248,Tyranitar,Mega,2,248-mega.png,Tyranitar_Mega.png,248Tyranitar_Mega.png,248_f2.png,
249,Lugia,,,249.png,Lugia.png,249Lugia.png,249.png,
250,Ho-Oh,,,250.png,Ho-Oh.png,250Ho-Oh.png,250.png,
251,Celebi,,,251.png,Celebi.png,251Celebi.png,251.png,
252,Treecko,,,252.png,Treecko.png,252Treecko.png,252.png,
253,Grovyle,,,253.png,Grovyle.png,253Grovyle.png,253.png,
254,Sceptile,,,254.png,Sceptile.png,254Sceptile.png,254.png,
254,Sceptile,Mega,2,254-mega.png,Sceptile_Mega.png,254Sceptile_Mega.png,254_f2.png,
255,Torchic,,,255.png,Torchic.png,255Torchic.png,255.png,
256,Combusken,,,256.png,Combusken.png,256Combusken.png,256.png,
257,Blaziken,,,257.png,Blaziken.png,257Blaziken.png,257.png,
257,Blaziken,Mega,2,257-mega.png,Blaziken_Mega.png,257Blaziken_Mega.png,257_f2.png,
258,Mudkip,,,258.png,Mudkip.png,258Mudkip.png,258.png,
259,Marshtomp,,,259.png,Marshtomp.png,259Marshtomp.png,259.png,
260,Swampert,,,260.png,Swampert.png,260Swampert.png,260.png,
260,Swampert,Mega,2,260-mega.png,Swampert_Mega.png,260Swampert_Mega.png,260_f2.png,
261,Poochyena,,,261.png,Poochyena.png,261Poochyena.png,261.png,
262,Mightyena,,,262.png,Mightyena.png,262Mightyena.png,262.png,
263,Zigzagoon,,,263.png,Zigzagoon.png,263Zigzagoon.png,263.png,
263,Zigzagoon,Galar,2,263-galar.png,Zigzagoon_Galar.png,263Zigzagoon_Galar.png,263_f2.png,
264,Linoone,,,264.png,Linoone.png,264Linoone.png,264.png,
264,Linoone,Galar,2,264-galar.png,Linoone_Galar.png,264Linoone_Galar.png,264_f2.png,
265,Wurmple,,,265.png,Wurmple.png,265Wurmple.png,265.png,
266,Silcoon,,,266.png,Silcoon.png,266Silcoon.png,266.png,
267,Beautifly,,,267.png,Beautifly.png,267Beautifly.png,267.png,
268,Cascoon,,,268.png,Cascoon.png,268Cascoon.png,268.png,
269,Dustox,,,269.png,Dustox.png,269Dustox.png,269.png,
270,Lotad,,,270.png,Lotad.png,270Lotad.png,270.png,
271,Lombre,,,271.png,Lombre.png,271Lombre.png,271.png,
272,Ludicolo,,,272.png,Ludicolo.png,272Ludicolo.png,272.png,
273,Seedot,,,273.png,Seedot.png,273Seedot.png,273.png,
274,Nuzleaf,,,274.png,Nuzleaf.png,274Nuzleaf.png,274.png,
275,Shiftry,,,275.png,Shiftry.png,275Shiftry.png,275.png,
276,Taillow,,,276.png,Taillow.png,276Taillow.png,276.png,
277,Swellow,,,277.png,Swellow.png,277Swellow.png,277.png,
278,Wingull,,,278.png,Wingull.png,278Wingull.png,278.png,
279,Pelipper,,,279.png,Pelipper.png,279Pelipper.png,279.png,
280,Ralts,,,280.png,Ralts.png,280Ralts.png,280.png,
281,Kirlia,,,281.png,Kirlia.png,281Kirlia.png,281.png,
282,Gardevoir,,,282.png,Gardevoir.png,282Gardevoir.png,282.png,
282,Gardevoir,Mega,2,282-mega.png,Gardevoir_Mega.png,282Gardevoir_Mega.png,282_f2.png,
283,Surskit,,,283.png,Surskit.png,283Surskit.png,283.png,
284,Masquerain,,,284.png,Masquerain.png,284Masquerain.png,284.png,
285,Shroomish,,,285.png,Shroomish.png,285Shroomish.png,285.png,
286,Breloom,,,286.png,Breloom.png,286Breloom.png,286.png,
287,Slakoth,,,287.png,Slakoth.png,287Slakoth.png,287.png,
288,Vigoroth,,,288.png,Vigoroth.png,288Vigoroth.png,288.png,
289,Slaking,,,289.png,Slaking.png,289Slaking.png,289.png,
290,Nincada,,,290.png,Nincada.png,290Nincada.png,290.png,
291,Ninjask,,,291.png,Ninjask.png,291Ninjask.png,291.png,
292,Shedinja,,,292.png,Shedinja.png,292Shedinja.png,292.png,
293,Whismur,,,293.png,Whismur.png,293Whismur.png,293.png,
294,Loudred,,,294.png,Loudred.png,294Loudred.png,294.png,
295,Exploud,,,295.png,Exploud.png,295Exploud.png,295.png,
296,Makuhita,,,296.png,Makuhita.png,296Makuhita.png,296.png,
297,Hariyama,,,297.png,Hariyama.png,297Hariyama.png,297.png,
298,Azurill,,,298.png,Azurill.png,298Azurill.png,298.png,
299,Nosepass,,,299.png,Nosepass.png,299Nosepass.png,299.png,
300,Skitty,,,300.png,Skitty.png,300Skitty.png,300.png,
301,Delcatty,,,301.png,Delcatty.png,301Delcatty.png,301.png,
302,Sableye,,,302.png,Sableye.png,302Sableye.png,302.png,
302,Sableye,Mega,2,302-mega.png,Sableye_Mega.png,302Sableye_Mega.png,302_f2.png,
303,Mawile,,,303.png,Mawile.png,303Mawile.png,303.png,
303,Mawile,Mega,2,303-mega.png,Mawile_Mega.png,303Mawile_Mega.png,303_f2.png,
304,Aron,,,304.png,Aron.png,304Aron.png,304.png,
305,Lairon,,,305.png,Lairon.png,305Lairon.png,305.png,
306,Aggron,,,306.png,Aggron.png,306Aggron.png,306.png,
306,Aggron,Mega,2,306-mega.png,Aggron_Mega.png,306Aggron_Mega.png,306_f2.png,
307,Meditite,,,307.png,Meditite.png,307Meditite.png,307.png,
308,Medicham,,,308.png,Medicham.png,308Medicham.png,308.png,
308,Medicham,Mega,2,308-mega.png,Medicham_Mega.png,308Medicham_Mega.png,308_f2.png,
309,Electrike,,,309.png,Electrike.png,309Electrike.png,309.png,
310,Manectric,,,310.png,Manectric.png,310Manectric.png,310.png,
310,Manectric,Mega,2,310-mega.png,Manectric_Mega.png,310Manectric_Mega.png,310_f2.png,
311,Plusle,,,311.png,Plusle.png,311Plusle.png,311.png,
312,Minun,,,312.png,Minun.png,312Minun.png,312.png,
313,Volbeat,,,313.png,Volbeat.png,313Volbeat.png,313.png,
314,Illumise,,,314.png,Illumise.png,314Illumise.png,314.png,
315,Roselia,,,315.png,Roselia.png,315Roselia.png,315.png,
316,Gulpin,,,316.png,Gulpin.png,316Gulpin.png,316.png,
317,Swalot,,,317.png,Swalot.png,317Swalot.png,317.png,
318,Carvanha,,,318.png,Carvanha.png,318Carvanha.png,318.png,
319,Sharpedo,,,319.png,Sharpedo.png,319Sharpedo.png,319.png,
319,Sharpedo,Mega,2,319-mega.png,Sharpedo_Mega.png,319Sharpedo_Mega.png,319_f2.png,
320,Wailmer,,,320.png,Wailmer.png,320Wailmer.png,320.png,
321,Wailord,,,321.png,Wailord.png,321Wailord.png,321.png,
322,Numel,,,322.png,Numel.png,322Numel.png,322.png,
323,Camerupt,,,323.png,Camerupt.png,323Camerupt.png,323.png,
323,Camerupt,Mega,2,323-mega.png,Camerupt_Mega.png,323Camerupt_Mega.png,323_f2.png,
324,Torkoal,,,324.png,Torkoal.png,324Torkoal.png,324.png,
325,Spoink,,,325.png,Spoink.png,325Spoink.png,325.png,
326,Grumpig,,,326.png,Grumpig.png,326Grumpig.png,326.png,
327,Spinda,,,327.png,Spinda.png,327Spinda.png,327.png,
328,Trapinch,,,328.png,Trapinch.png,328Trapinch.png,328.png,
329,Vibrava,,,329.png,Vibrava.png,329Vibrava.png,329.png,
330,Flygon,,,330.png,Flygon.png,330Flygon.png,330.png,
331,Cacnea,,,331.png,Cacnea.png,331Cacnea.png,331.png,
332,Cacturne,,,332.png,Cacturne.png,332Cacturne.png,332.png,
333,Swablu,,,333.png,Swablu.png,333Swablu.png,333.png,
334,Altaria,,,334.png,Altaria.png,334Altaria.png,334.png,
334,Altaria,Mega,2,334-mega.png,Altaria_Mega.png,334Altaria_Mega.png,334_f2.png,
335,Zangoose,,,335.png,Zangoose.png,335Zangoose.png,335.png,
336,Seviper,,,336.png,Seviper.png,336Seviper.png,336.png,
337,Lunatone,,,337.png,Lunatone.png,337Lunatone.png,337.png,
338,Solrock,,,338.png,Solrock.png,338Solrock.png,338.png,
339,Barboach,,,339.png,Barboach.png,339Barboach.png,339.png,
340,Whiscash,,,340.png,Whiscash.png,340Whiscash.png,340.png,
341,Corphish,,,341.png,Corphish.png,341Corphish.png,341.png,
342,Crawdaunt,,,342.png,Crawdaunt.png,342Crawdaunt.png,342.png,
343,Baltoy,,,343.png,Baltoy.png,343Baltoy.png,343.png,
344,Claydol,,,344.png,Claydol.png,344Claydol.png,344.png,
345,Lileep,,,345.png,Lileep.png,345Lileep.png,345.png,
346,Cradily,,,346.png,Cradily.png,346Cradily.png,346.png,
347,Anorith,,,347.png,Anorith.png,347Anorith.png,347.png,
348,Armaldo,,,348.png,Armaldo.png,348Armaldo.png,348.png,
349,Feebas,,,349.png,Feebas.png,349Feebas.png,349.png,
350,Milotic,,,350.png,Milotic.png,350Milotic.png,350.png,
351,Castform,,,351.png,Castform.png,351Castform.png,351.png,
351,Castform,Rainy,99,351-rainy.png,Castform_Rainy.png,351Castform_Rainy.png,351_f99.png,
351,Castform,Snowy,99,351-snowy.png,Castform_Snowy.png,351Castform_Snowy.png,351_f99.png,
351,Castform,Sunny,99,351-sunny.png,Castform_Sunny.png,351Castform_Sunny.png,351_f99.png,
352,Kecleon,,,352.png,Kecleon.png,352Kecleon.png,352.png,
353,Shuppet,,,353.png,Shuppet.png,353Shuppet.png,353.png,
354,Banette,,,354.png,Banette.png,354Banette.png,354.png,
354,Banette,Mega,2,354-mega.png,Banette_Mega.png,354Banette_Mega.png,354_f2.png,
355,Duskull,,,355.png,Duskull.png,355Duskull.png,355.png,
356,Dusclops,,,356.png,Dusclops.png,356Dusclops.png,356.png,
357,Tropius,,,357.png,Tropius.png,357Tropius.png,357.png,
358,Chimecho,,,358.png,Chimecho.png,358Chimecho.png,358.png,
359,Absol,,,359.png,Absol.png,359Absol.png,359.png,
359,Absol,Mega,2,359-mega.png,Absol_Mega.png,359Absol_Mega.png,359_f2.png,
360,Wynaut,,,360.png,Wynaut.png,360Wynaut.png,360.png,
361,Snorunt,,,361.png,Snorunt.png,361Snorunt.png,361.png,
362,Glalie,,,362.png,Glalie.png,362Glalie.png,362.png,
362,Glalie,Mega,2,362-mega.png,Glalie_Mega.png,362Glalie_Mega.png,362_f2.png,
363,Spheal,,,363.png,Spheal.png,363Spheal.png,363.png,
364,Sealeo,,,364.png,Sealeo.png,364Sealeo.png,364.png,
365,Walrein,,,365.png,Walrein.png,365Walrein.png,365.png,
366,Clamperl,,,366.png,Clamperl.png,366Clamperl.png,366.png,
367,Huntail,,,367.png,Huntail.png,367Huntail.png,367.png,
368,Gorebyss,,,368.png,Gorebyss.png,368Gorebyss.png,368.png,
369,Relicanth,,,369.png,Relicanth.png,369Relicanth.png,369.png,
370,Luvdisc,,,370.png,Luvdisc.png,370Luvdisc.png,370.png,
371,Bagon,,,371.png,Bagon.png,371Bagon.png,371.png,
372,Shelgon,,,372.png,Shelgon.png,372Shelgon.png,372.png,
373,Salamence,,,373.png,Salamence.png,373Salamence.png,373.png,
373,Salamence,Mega,2,373-mega.png,Salamence_Mega.png,373Salamence_Mega.png,373_f2.png,
374,Beldum,,,374.png,Beldum.png,374Beldum.png,374.png,
375,Metang,,,375.png,Metang.png,375Metang.png,375.png,
376,Metagross,,,376.png,Metagross.png,376Metagross.png,376.png,
376,Metagross,Mega,2,376-mega.png,Metagross_Mega.png,376Metagross_Mega.png,376_f2.png,
377,Regirock,,,377.png,Regirock.png,377Regirock.png,377.png,
378,Regice,,,378.png,Regice.png,378Regice.png,378.png,
379,Registeel,,,379.png,Registeel.png,379Registeel.png,379.png,
380,Latias,,,380.png,Latias.png,380Latias.png,380.png,
380,Latias,Mega,2,380-mega.png,Latias_Mega.png,380Latias_Mega.png,380_f2.png,
381,Latios,,,381.png,Latios.png,381Latios.png,381.png,
381,Latios,Mega,2,381-mega.png,Latios_Mega.png,381Latios_Mega.png,381_f2.png,
382,Kyogre,,,382.png,Kyogre.png,382Kyogre.png,382.png,
382,Kyogre,Primal,2,382-primal.png,Kyogre_Primal.png,382Kyogre_Primal.png,382_f2.png,
383,Groudon,,,383.png,Groudon.png,383Groudon.png,383.png,
383,Groudon,Primal,2,383-primal.png,Groudon_Primal.png,383Groudon_Primal.png,383_f2.png,
384,Rayquaza,,,384.png,Rayquaza.png,384Rayquaza.png,384.png,
384,Rayquaza,Mega,2,384-mega.png,Rayquaza_Mega.png,384Rayquaza_Mega.png,384_f2.png,
385,Jirachi,,,385.png,Jirachi.png,385Jirachi.png,385.png,
386,Deoxys,Attack,2,386-attack.png,Deoxys_Attack.png,386Deoxys_Attack.png,386_f2.png,
386,Deoxys,Defense,3,386-defense.png,Deoxys_Defense.png,386Deoxys_Defense.png,386_f3.png,
386,Deoxys,Normal,,386-normal.png,Deoxys_Normal.png,386Deoxys_Normal.png,386.png,
386,Deoxys,Speed,4,386-speed.png,Deoxys_Speed.png,386Deoxys_Speed.png,386_f4.png,
387,Turtwig,,,387.png,Turtwig.png,387Turtwig.png,387.png,
388,Grotle,,,388.png,Grotle.png,388Grotle.png,388.png,
389,Torterra,,,389.png,Torterra.png,389Torterra.png,389.png,
390,Chimchar,,,390.png,Chimchar.png,390Chimchar.png,390.png,
391,Monferno,,,391.png,Monferno.png,391Monferno.png,391.png,
392,Infernape,,,392.png,Infernape.png,392Infernape.png,392.png,
393,Piplup,,,393.png,Piplup.png,393Piplup.png,393.png,
394,Prinplup,,,394.png,Prinplup.png,394Prinplup.png,394.png,
395,Empoleon,,,395.png,Empoleon.png,395Empoleon.png,395.png,
396,Starly,,,396.png,Starly.png,396Starly.png,396.png,
397,Staravia,,,397.png,Staravia.png,397Staravia.png,397.png,
398,Staraptor,,,398.png,Staraptor.png,398Staraptor.png,398.png,
399,Bidoof,,,399.png,Bidoof.png,399Bidoof.png,399.png,
400,Bibarel,,,400.png,Bibarel.png,400Bibarel.png,400.png,
401,Kricketot,,,401.png,Kricketot.png,401Kricketot.png,401.png,
402,Kricketune,,,402.png,Kricketune.png,402Kricketune.png,402.png,
403,Shinx,,,403.png,Shinx.png,403Shinx.png,403.png,
404,Luxio,,,404.png,Luxio.png,404Luxio.png,404.png,
405,Luxray,,,405.png,Luxray.png,405Luxray.png,405.png,
406,Budew,,,406.png,Budew.png,406Budew.png,406.png,
407,Roserade,,,407.png,Roserade.png,407Roserade.png,407.png,
408,Cranidos,,,408.png,Cranidos.png,408Cranidos.png,408.png,
409,Rampardos,,,409.png,Rampardos.png,409Rampardos.png,409.png,
410,Shieldon,,,410.png,Shieldon.png,410Shieldon.png,410.png,
411,Bastiodon,,,411.png,Bastiodon.png,411Bastiodon.png,411.png,
412,Burmy,Plant,,412-plant.png,Burmy_Plant.png,412Burmy_Plant.png,412.png,
412,Burmy,Sandy,2,412-sandy.png,Burmy_Sandy.png,412Burmy_Sandy.png,412_f2.png,
412,Burmy,Trash,3,412-trash.png,Burmy_Trash.png,412Burmy_Trash.png,412_f3.png,
413,Wormadam,Plant,,413-plant.png,Wormadam_Plant.png,413Wormadam_Plant.png,413.png,
413,Wormadam,Sandy,2,413-sandy.png,Wormadam_Sandy.png,413Wormadam_Sandy.png,413_f2.png,
413,Wormadam,Trash,3,413-trash.png,Wormadam_Trash.png,413Wormadam_Trash.png,413_f3.png,
414,Mothim,,,414.png,Mothim.png,414Mothim.png,414.png,
415,Combee,,,415.png,Combee.png,415Combee.png,415.png,
416,Vespiquen,,,416.png,Vespiquen.png,416Vespiquen.png,416.png,
417,Pachirisu,,,417.png,Pachirisu.png,417Pachirisu.png,417.png,
418,Buizel,,,418.png,Buizel.png,418Buizel.png,418.png,
419,Floatzel,,,419.png,Floatzel.png,419Floatzel.png,419.png,
420,Cherubi,,,420.png,Cherubi.png,420Cherubi.png,420.png,
421,Cherrim,Overcast,,421-overcast.png,Cherrim_Overcast.png,421Cherrim_Overcast.png,421.png,
421,Cherrim,Sunny,2,421-sunny.png,Cherrim_Sunny.png,421Cherrim_Sunny.png,421_f2.png,
422,Shellos,East,2,422-east.png,Shellos_East.png,422Shellos_East.png,422_f2.png,
422,Shellos,West,,422-west.png,Shellos_West.png,422Shellos_West.png,422.png,
423,Gastrodon,East,2,423-east.png,Gastrodon_East.png,423Gastrodon_East.png,423_f2.png,
423,Gastrodon,West,,423-west.png,Gastrodon_West.png,423Gastrodon_West.png,423.png,
424,Ambipom,,,424.png,Ambipom.png,424Ambipom.png,424.png,
425,Drifloon,,,425.png,Drifloon.png,425Drifloon.png,425.png,
426,Drifblim,,,426.png,Drifblim.png,426Drifblim.png,426.png,
427,Buneary,,,427.png,Buneary.png,427Buneary.png,427.png,
428,Lopunny,,,428.png,Lopunny.png,428Lopunny.png,428.png,
428,Lopunny,Mega,2,428-mega.png,Lopunny_Mega.png,428Lopunny_Mega.png,428_f2.png,
429,Mismagius,,,429.png,Mismagius.png,429Mismagius.png,429.png,
430,Honchkrow,,,430.png,Honchkrow.png,430Honchkrow.png,430.png,
431,Glameow,,,431.png,Glameow.png,431Glameow.png,431.png,
432,Purugly,,,432.png,Purugly.png,432Purugly.png,432.png,
433,Chingling,,,433.png,Chingling.png,433Chingling.png,433.png,
434,Stunky,,,434.png,Stunky.png,434Stunky.png,434.png,
435,Skuntank,,,435.png,Skuntank.png,435Skuntank.png,435.png,
436,Bronzor,,,436.png,Bronzor.png,436Bronzor.png,436.png,
437,Bronzong,,,437.png,Bronzong.png,437Bronzong.png,437.png,
438,Bonsly,,,438.png,Bonsly.png,438Bonsly.png,438.png,
439,Mime Jr.,,,439.png,Mime Jr..png,439Mime Jr..png,439.png,
440,Happiny,,,440.png,Happiny.png,440Happiny.png,440.png,
441,Chatot,,,441.png,Chatot.png,441Chatot.png,441.png,
442,Spiritomb,,,442.png,Spiritomb.png,442Spiritomb.png,442.png,
443,Gible,,,443.png,Gible.png,443Gible.png,443.png,
444,Gabite,,,444.png,Gabite.png,444Gabite.png,444.png,
445,Garchomp,,,445.png,Garchomp.png,445Garchomp.png,445.png,
445,Garchomp,Mega,2,445-mega.png,Garchomp_Mega.png,445Garchomp_Mega.png,445_f2.png,
446,Munchlax,,,446.png,Munchlax.png,446Munchlax.png,446.png,
447,Riolu,,,447.png,Riolu.png,447Riolu.png,447.png,
448,Lucario,,,448.png,Lucario.png,448Lucario.png,448.png,
448,Lucario,Mega,2,448-mega.png,Lucario_Mega.png,448Lucario_Mega.png,448_f2.png,
449,Hippopotas,,,449.png,Hippopotas.png,449Hippopotas.png,449.png,
450,Hippowdon,,,450.png,Hippowdon.png,450Hippowdon.png,450.png,
451,Skorupi,,,451.png,Skorupi.png,451Skorupi.png,451.png,
452,Drapion,,,452.png,Drapion.png,452Drapion.png,452.png,
453,Croagunk,,,453.png,Croagunk.png,453Croagunk.png,453.png,
454,Toxicroak,,,454.png,Toxicroak.png,454Toxicroak.png,454.png,
455,Carnivine,,,455.png,Carnivine.png,455Carnivine.png,455.png,
456,Finneon,,,456.png,Finneon.png,456Finneon.png,456.png,
457,Lumineon,,,457.png,Lumineon.png,457Lumineon.png,457.png,
458,Mantyke,,,458.png,Mantyke.png,458Mantyke.png,458.png,
459,Snover,,,459.png,Snover.png,459Snover.png,459.png,
460,Abomasnow,,,460.png,Abomasnow.png,460Abomasnow.png,460.png,
460,Abomasnow,Mega,2,460-mega.png,Abomasnow_Mega.png,460Abomasnow_Mega.png,460_f2.png,
461,Weavile,,,461.png,Weavile.png,461Weavile.png,461.png,
462,Magnezone,,,462.png,Magnezone.png,462Magnezone.png,462.png,
463,Lickilicky,,,463.png,Lickilicky.png,463Lickilicky.png,463.png,
464,Rhyperior,,,464.png,Rhyperior.png,464Rhyperior.png,464.png,
465,Tangrowth,,,465.png,Tangrowth.png,465Tangrowth.png,465.png,
466,Electivire,,,466.png,Electivire.png,466Electivire.png,466.png,
467,Magmortar,,,467.png,Magmortar.png,467Magmortar.png,467.png,
468,Togekiss,,,468.png,Togekiss.png,468Togekiss.png,468.png,
469,Yanmega,,,469.png,Yanmega.png,469Yanmega.png,469.png,
470,Leafeon,,,470.png,Leafeon.png,470Leafeon.png,470.png,
471,Glaceon,,,471.png,Glaceon.png,471Glaceon.png,471.png,
472,Gliscor,,,472.png,Gliscor.png,472Gliscor.png,472.png,
473,Mamoswine,,,473.png,Mamoswine.png,473Mamoswine.png,473.png,
474,Porygon-Z,,,474.png,Porygon-Z.png,474Porygon-Z.png,474.png,
475,Gallade,,,475.png,Gallade.png,475Gallade.png,475.png,
475,Gallade,Mega,2,475-mega.png,Gallade_Mega.png,475Gallade_Mega.png,475_f2.png,
476,Probopass,,,476.png,Probopass.png,476Probopass.png,476.png,
477,Dusknoir,,,477.png,Dusknoir.png,477Dusknoir.png,477.png,
478,Froslass,,,478.png,Froslass.png,478Froslass.png,478.png,
479,Rotom,,,479.png,Rotom.png,479Rotom.png,479.png,
479,Rotom,Heat,2,479-heat.png,Rotom_Heat.png,479Rotom_Heat.png,479_f2.png,
479,Rotom,Fan,5,479-fan.png,Rotom_Fan.png,479Rotom_Fan.png,479_f5.png,
479,Rotom,Frost,4,479-frost.png,Rotom_Frost.png,479Rotom_Frost.png,479_f4.png,
479,Rotom,Mow,6,479-mow.png,Rotom_Mow.png,479Rotom_Mow.png,479_f6.png,
479,Rotom,Wash,3,479-wash.png,Rotom_Wash.png,479Rotom_Wash.png,479_f3.png,
480,Uxie,,,480.png,Uxie.png,480Uxie.png,480.png,
481,Mesprit,,,481.png,Mesprit.png,481Mesprit.png,481.png,
482,Azelf,,,482.png,Azelf.png,482Azelf.png,482.png,
483,Dialga,,,483.png,Dialga.png,483Dialga.png,483.png,
483,Dialga,Origin,2,483-origin.png,Dialga_Origin.png,483Dialga_Origin.png,483_f2.png,
484,Palkia,,,484.png,Palkia.png,484Palkia.png,484.png,
484,Palkia,Origin,2,484-origin.png,Palkia_Origin.png,484Palkia_Origin.png,484_f2.png,
485,Heatran,,,485.png,Heatran.png,485Heatran.png,485.png,
486,Regigigas,,,486.png,Regigigas.png,486Regigigas.png,486.png,
487,Giratina,Altered,,487-altered.png,Giratina_Altered.png,487Giratina_Altered.png,487.png,
487,Giratina,Origin,2,487-origin.png,Giratina_Origin.png,487Giratina_Origin.png,487_f2.png,
488,Cresselia,,,488.png,Cresselia.png,488Cresselia.png,488.png,
489,Phione,,,489.png,Phione.png,489Phione.png,489.png,
490,Manaphy,,,490.png,Manaphy.png,490Manaphy.png,490.png,
491,Darkrai,,,491.png,Darkrai.png,491Darkrai.png,491.png,
492,Shaymin,Land,,492-land.png,Shaymin_Land.png,492Shaymin_Land.png,492.png,
492,Shaymin,Sky,2,492-sky.png,Shaymin_Sky.png,492Shaymin_Sky.png,492_f2.png,
493,Arceus,,,493.png,Arceus.png,493Arceus.png,493.png,
493,Arceus,Bug,99,493-bug.png,Arceus_Bug.png,493Arceus_Bug.png,493_f99.png,
493,Arceus,Dark,99,493-dark.png,Arceus_Dark.png,493Arceus_Dark.png,493_f99.png,
493,Arceus,Dragon,99,493-dragon.png,Arceus_Dragon.png,493Arceus_Dragon.png,493_f99.png,
493,Arceus,Electric,99,493-electric.png,Arceus_Electric.png,493Arceus_Electric.png,493_f99.png,
493,Arceus,Fairy,99,493-fairy.png,Arceus_Fairy.png,493Arceus_Fairy.png,493_f99.png,
493,Arceus,Fighting,99,493-fighting.png,Arceus_Fighting.png,493Arceus_Fighting.png,493_f99.png,
493,Arceus,Fire,99,493-fire.png,Arceus_Fire.png,493Arceus_Fire.png,493_f99.png,
493,Arceus,Flying,99,493-flying.png,Arceus_Flying.png,493Arceus_Flying.png,493_f99.png,
493,Arceus,Ghost,99,493-ghost.png,Arceus_Ghost.png,493Arceus_Ghost.png,493_f99.png,
493,Arceus,Grass,99,493-grass.png,Arceus_Grass.png,493Arceus_Grass.png,493_f99.png,
493,Arceus,Ground,99,493-ground.png,Arceus_Ground.png,493Arceus_Ground.png,493_f99.png,
493,Arceus,Ice,99,493-ice.png,Arceus_Ice.png,493Arceus_Ice.png,493_f99.png,
493,Arceus,Poison,99,493-poison.png,Arceus_Poison.png,493Arceus_Poison.png,493_f99.png,
493,Arceus,Psychic,99,493-psychic.png,Arceus_Psychic.png,493Arceus_Psychic.png,493_f99.png,
493,Arceus,Rock,99,493-rock.png,Arceus_Rock.png,493Arceus_Rock.png,493_f99.png,
493,Arceus,Steel,99,493-steel.png,Arceus_Steel.png,493Arceus_Steel.png,493_f99.png,
493,Arceus,Water,99,493-water.png,Arceus_Water.png,493Arceus_Water.png,493_f99.png,
494,Victini,,,494.png,Victini.png,494Victini.png,494.png,
495,Snivy,,,495.png,Snivy.png,495Snivy.png,495.png,
496,Servine,,,496.png,Servine.png,496Servine.png,496.png,
497,Serperior,,,497.png,Serperior.png,497Serperior.png,497.png,
498,Tepig,,,498.png,Tepig.png,498Tepig.png,498.png,
499,Pignite,,,499.png,Pignite.png,499Pignite.png,499.png,
500,Emboar,,,500.png,Emboar.png,500Emboar.png,500.png,
501,Oshawott,,,501.png,Oshawott.png,501Oshawott.png,501.png,
502,Dewott,,,502.png,Dewott.png,502Dewott.png,502.png,
503,Samurott,,,503.png,Samurott.png,503Samurott.png,503.png,
503,Samurott,Hisui,99,503-hisui.png,Samurott_Hisui.png,503Samurott_Hisui.png,503_f99.png,
504,Patrat,,,504.png,Patrat.png,504Patrat.png,504.png,
505,Watchog,,,505.png,Watchog.png,505Watchog.png,505.png,
506,Lillipup,,,506.png,Lillipup.png,506Lillipup.png,506.png,
507,Herdier,,,507.png,Herdier.png,507Herdier.png,507.png,
508,Stoutland,,,508.png,Stoutland.png,508Stoutland.png,508.png,
509,Purrloin,,,509.png,Purrloin.png,509Purrloin.png,509.png,
510,Liepard,,,510.png,Liepard.png,510Liepard.png,510.png,
511,Pansage,,,511.png,Pansage.png,511Pansage.png,511.png,
512,Simisage,,,512.png,Simisage.png,512Simisage.png,512.png,
513,Pansear,,,513.png,Pansear.png,513Pansear.png,513.png,
514,Simisear,,,514.png,Simisear.png,514Simisear.png,514.png,
515,Panpour,,,515.png,Panpour.png,515Panpour.png,515.png,
516,Simipour,,,516.png,Simipour.png,516Simipour.png,516.png,
517,Munna,,,517.png,Munna.png,517Munna.png,517.png,
518,Musharna,,,518.png,Musharna.png,518Musharna.png,518.png,
519,Pidove,,,519.png,Pidove.png,519Pidove.png,519.png,
520,Tranquill,,,520.png,Tranquill.png,520Tranquill.png,520.png,
521,Unfezant,Female,2,521-female.png,Unfezant_Female.png,521Unfezant_Female.png,521_f2.png,
521,Unfezant,Male,,521-male.png,Unfezant_Male.png,521Unfezant_Male.png,521.png,
522,Blitzle,,,522.png,Blitzle.png,522Blitzle.png,522.png,
523,Zebstrika,,,523.png,Zebstrika.png,523Zebstrika.png,523.png,
524,Roggenrola,,,524.png,Roggenrola.png,524Roggenrola.png,524.png,
525,Boldore,,,525.png,Boldore.png,525Boldore.png,525.png,
526,Gigalith,,,526.png,Gigalith.png,526Gigalith.png,526.png,
527,Woobat,,,527.png,Woobat.png,527Woobat.png,527.png,
528,Swoobat,,,528.png,Swoobat.png,528Swoobat.png,528.png,
529,Drilbur,,,529.png,Drilbur.png,529Drilbur.png,529.png,
530,Excadrill,,,530.png,Excadrill.png,530Excadrill.png,530.png,
531,Audino,,,531.png,Audino.png,531Audino.png,531.png,
531,Audino,Mega,2,531-mega.png,Audino_Mega.png,531Audino_Mega.png,531_f2.png,
532,Timburr,,,532.png,Timburr.png,532Timburr.png,532.png,
533,Gurdurr,,,533.png,Gurdurr.png,533Gurdurr.png,533.png,
534,Conkeldurr,,,534.png,Conkeldurr.png,534Conkeldurr.png,534.png,
535,Tympole,,,535.png,Tympole.png,535Tympole.png,535.png,
536,Palpitoad,,,536.png,Palpitoad.png,536Palpitoad.png,536.png,
537,Seismitoad,,,537.png,Seismitoad.png,537Seismitoad.png,537.png,
538,Throh,,,538.png,Throh.png,538Throh.png,538.png,
539,Sawk,,,539.png,Sawk.png,539Sawk.png,539.png,
540,Sewaddle,,,540.png,Sewaddle.png,540Sewaddle.png,540.png,
541,Swadloon,,,541.png,Swadloon.png,541Swadloon.png,541.png,
542,Leavanny,,,542.png,Leavanny.png,542Leavanny.png,542.png,
543,Venipede,,,543.png,Venipede.png,543Venipede.png,543.png,
544,Whirlipede,,,544.png,Whirlipede.png,544Whirlipede.png,544.png,
545,Scolipede,,,545.png,Scolipede.png,545Scolipede.png,545.png,
546,Cottonee,,,546.png,Cottonee.png,546Cottonee.png,546.png,
547,Whimsicott,,,547.png,Whimsicott.png,547Whimsicott.png,547.png,
548,Petilil,,,548.png,Petilil.png,548Petilil.png,548.png,
549,Lilligant,,,549.png,Lilligant.png,549Lilligant.png,549.png,
549,Lilligant,Hisui,99,549-hisui.png,Lilligant_Hisui.png,549Lilligant_Hisui.png,549_f99.png,
550,Basculin,Blue-Striped,2,550-blue-striped.png,Basculin_Blue-Striped.png,550Basculin_Blue-Striped.png,550_f2.png,
550,Basculin,Red-Striped,,550-red-striped.png,Basculin_Red-Striped.png,550Basculin_Red-Striped.png,550.png,
550,Basculin,White-Striped,99,550-white-striped.png,Basculin_White-Striped.png,550Basculin_White-Striped.png,550_f99.png,
551,Sandile,,,551.png,Sandile.png,551Sandile.png,551.png,
552,Krokorok,,,552.png,Krokorok.png,552Krokorok.png,552.png,
553,Krookodile,,,553.png,Krookodile.png,553Krookodile.png,553.png,
554,Darumaka,,,554.png,Darumaka.png,554Darumaka.png,554.png,
554,Darumaka,Galar,2,554-galar.png,Darumaka_Galar.png,554Darumaka_Galar.png,554_f2.png,
555,Darmanitan,Galar-Standard,99,555-galar-standard.png,Darmanitan_Galar-Standard.png,555Darmanitan_Galar-Standard.png,555_f99.png,
555,Darmanitan,Galar-Zen,99,555-galar-zen.png,Darmanitan_Galar-Zen.png,555Darmanitan_Galar-Zen.png,555_f99.png,
555,Darmanitan,Standard,,555-standard.png,Darmanitan_Standard.png,555Darmanitan_Standard.png,555.png,
555,Darmanitan,Zen,99,555-zen.png,Darmanitan_Zen.png,555Darmanitan_Zen.png,555_f99.png,
556,Maractus,,,556.png,Maractus.png,556Maractus.png,556.png,
557,Dwebble,,,557.png,Dwebble.png,557Dwebble.png,557.png,
558,Crustle,,,558.png,Crustle.png,558Crustle.png,558.png,
559,Scraggy,,,559.png,Scraggy.png,559Scraggy.png,559.png,
560,Scrafty,,,560.png,Scrafty.png,560Scrafty.png,560.png,
561,Sigilyph,,,561.png,Sigilyph.png,561Sigilyph.png,561.png,
562,Yamask,,,562.png,Yamask.png,562Yamask.png,562.png,
562,Yamask,Galar,2,562-galar.png,Yamask_Galar.png,562Yamask_Galar.png,562_f2.png,
563,Cofagrigus,,,563.png,Cofagrigus.png,563Cofagrigus.png,563.png,
564,Tirtouga,,,564.png,Tirtouga.png,564Tirtouga.png,564.png,
565,Carracosta,,,565.png,Carracosta.png,565Carracosta.png,565.png,
566,Archen,,,566.png,Archen.png,566Archen.png,566.png,
567,Archeops,,,567.png,Archeops.png,567Archeops.png,567.png,
568,Trubbish,,,568.png,Trubbish.png,568Trubbish.png,568.png,
569,Garbodor,,,569.png,Garbodor.png,569Garbodor.png,569.png,
569,Garbodor,Gmax,2,569-gmax.png,Garbodor_Gmax.png,569Garbodor_Gmax.png,569_f2.png,
570,Zorua,,,570.png,Zorua.png,570Zorua.png,570.png,
570,Zorua,Hisui,99,570-hisui.png,Zorua_Hisui.png,570Zorua_Hisui.png,570_f99.png,
571,Zoroark,,,571.png,Zoroark.png,571Zoroark.png,571.png,
571,Zoroark,Hisui,99,571-hisui.png,Zoroark_Hisui.png,571Zoroark_Hisui.png,571_f99.png,
572,Minccino,,,572.png,Minccino.png,572Minccino.png,572.png,
573,Cinccino,,,573.png,Cinccino.png,573Cinccino.png,573.png,
574,Gothita,,,574.png,Gothita.png,574Gothita.png,574.png,
575,Gothorita,,,575.png,Gothorita.png,575Gothorita.png,575.png,
576,Gothitelle,,,576.png,Gothitelle.png,576Gothitelle.png,576.png,
577,Solosis,,,577.png,Solosis.png,577Solosis.png,577.png,
578,Duosion,,,578.png,Duosion.png,578Duosion.png,578.png,
579,Reuniclus,,,579.png,Reuniclus.png,579Reuniclus.png,579.png,
580,Ducklett,,,580.png,Ducklett.png,580Ducklett.png,580.png,
581,Swanna,,,581.png,Swanna.png,581Swanna.png,581.png,
582,Vanillite,,,582.png,Vanillite.png,582Vanillite.png,582.png,
583,Vanillish,,,583.png,Vanillish.png,583Vanillish.png,583.png,
584,Vanilluxe,,,584.png,Vanilluxe.png,584Vanilluxe.png,584.png,
585,Deerling,Autumn,3,585-autumn.png,Deerling_Autumn.png,585Deerling_Autumn.png,585_f3.png,
585,Deerling,Spring,,585-spring.png,Deerling_Spring.png,585Deerling_Spring.png,585.png,
585,Deerling,Summer,2,585-summer.png,Deerling_Summer.png,585Deerling_Summer.png,585_f2.png,
585,Deerling,Winter,4,585-winter.png,Deerling_Winter.png,585Deerling_Winter.png,585_f4.png,
586,Sawsbuck,Autumn,3,586-autumn.png,Sawsbuck_Autumn.png,586Sawsbuck_Autumn.png,586_f3.png,
586,Sawsbuck,Spring,,586-spring.png,Sawsbuck_Spring.png,586Sawsbuck_Spring.png,586.png,
586,Sawsbuck,Summer,2,586-summer.png,Sawsbuck_Summer.png,586Sawsbuck_Summer.png,586_f2.png,
586,Sawsbuck,Winter,4,586-winter.png,Sawsbuck_Winter.png,586Sawsbuck_Winter.png,586_f4.png,
587,Emolga,,,587.png,Emolga.png,587Emolga.png,587.png,
588,Karrablast,,,588.png,Karrablast.png,588Karrablast.png,588.png,
589,Escavalier,,,589.png,Escavalier.png,589Escavalier.png,589.png,
590,Foongus,,,590.png,Foongus.png,590Foongus.png,590.png,
591,Amoonguss,,,591.png,Amoonguss.png,591Amoonguss.png,591.png,
592,Frillish,,,592.png,Frillish.png,592Frillish.png,592.png,
593,Jellicent,,,593.png,Jellicent.png,593Jellicent.png,593.png,
594,Alomomola,,,594.png,Alomomola.png,594Alomomola.png,594.png,
595,Joltik,,,595.png,Joltik.png,595Joltik.png,595.png,
596,Galvantula,,,596.png,Galvantula.png,596Galvantula.png,596.png,
597,Ferroseed,,,597.png,Ferroseed.png,597Ferroseed.png,597.png,
598,Ferrothorn,,,598.png,Ferrothorn.png,598Ferrothorn.png,598.png,
599,Klink,,,599.png,Klink.png,599Klink.png,599.png,
600,Klang,,,600.png,Klang.png,600Klang.png,600.png,
601,Klinklang,,,601.png,Klinklang.png,601Klinklang.png,601.png,
602,Tynamo,,,602.png,Tynamo.png,602Tynamo.png,602.png,
603,Eelektrik,,,603.png,Eelektrik.png,603Eelektrik.png,603.png,
604,Eelektross,,,604.png,Eelektross.png,604Eelektross.png,604.png,
605,Elgyem,,,605.png,Elgyem.png,605Elgyem.png,605.png,
606,Beheeyem,,,606.png,Beheeyem.png,606Beheeyem.png,606.png,
607,Litwick,,,607.png,Litwick.png,607Litwick.png,607.png,
608,Lampent,,,608.png,Lampent.png,608Lampent.png,608.png,
609,Chandelure,,,609.png,Chandelure.png,609Chandelure.png,609.png,
610,Axew,,,610.png,Axew.png,610Axew.png,610.png,
611,Fraxure,,,611.png,Fraxure.png,611Fraxure.png,611.png,
612,Haxorus,,,612.png,Haxorus.png,612Haxorus.png,612.png,
613,Cubchoo,,,613.png,Cubchoo.png,613Cubchoo.png,613.png,
614,Beartic,,,614.png,Beartic.png,614Beartic.png,614.png,
615,Cryogonal,,,615.png,Cryogonal.png,615Cryogonal.png,615.png,
616,Shelmet,,,616.png,Shelmet.png,616Shelmet.png,616.png,
617,Accelgor,,,617.png,Accelgor.png,617Accelgor.png,617.png,
618,Stunfisk,,,618.png,Stunfisk.png,618Stunfisk.png,618.png,
618,Stunfisk,Galar,2,618-galar.png,Stunfisk_Galar.png,618Stunfisk_Galar.png,618_f2.png,
619,Mienfoo,,,619.png,Mienfoo.png,619Mienfoo.png,619.png,
620,Mienshao,,,620.png,Mienshao.png,620Mienshao.png,620.png,
621,Druddigon,,,621.png,Druddigon.png,621Druddigon.png,621.png,
622,Golett,,,622.png,Golett.png,622Golett.png,622.png,
623,Golurk,,,623.png,Golurk.png,623Golurk.png,623.png,
624,Pawniard,,,624.png,Pawniard.png,624Pawniard.png,624.png,
625,Bisharp,,,625.png,Bisharp.png,625Bisharp.png,625.png,
626,Bouffalant,,,626.png,Bouffalant.png,626Bouffalant.png,626.png,
627,Rufflet,,,627.png,Rufflet.png,627Rufflet.png,627.png,
628,Braviary,,99,628.png,Braviary.png,628Braviary.png,628_f99.png,
628,Braviary,Hisui,2,628-hisui.png,Braviary_Hisui.png,628Braviary_Hisui.png,628_f2.png,
629,Vullaby,,,629.png,Vullaby.png,629Vullaby.png,629.png,
630,Mandibuzz,,,630.png,Mandibuzz.png,630Mandibuzz.png,630.png,
631,Heatmor,,,631.png,Heatmor.png,631Heatmor.png,631.png,
632,Durant,,,632.png,Durant.png,632Durant.png,632.png,
633,Deino,,,633.png,Deino.png,633Deino.png,633.png,
634,Zweilous,,,634.png,Zweilous.png,634Zweilous.png,634.png,
635,Hydreigon,,,635.png,Hydreigon.png,635Hydreigon.png,635.png,
636,Larvesta,,,636.png,Larvesta.png,636Larvesta.png,636.png,
637,Volcarona,,,637.png,Volcarona.png,637Volcarona.png,637.png,
638,Cobalion,,,638.png,Cobalion.png,638Cobalion.png,638.png,
639,Terrakion,,,639.png,Terrakion.png,639Terrakion.png,639.png,
640,Virizion,,,640.png,Virizion.png,640Virizion.png,640.png,
641,Tornadus,Incarnate,,641-incarnate.png,Tornadus_Incarnate.png,641Tornadus_Incarnate.png,641.png,
641,Tornadus,Therian,2,641-therian.png,Tornadus_Therian.png,641Tornadus_Therian.png,641_f2.png,
642,Thundurus,Incarnate,,642-incarnate.png,Thundurus_Incarnate.png,642Thundurus_Incarnate.png,642.png,
642,Thundurus,Therian,2,642-therian.png,Thundurus_Therian.png,642Thundurus_Therian.png,642_f2.png,
643,Reshiram,,,643.png,Reshiram.png,643Reshiram.png,643.png,
644,Zekrom,,,644.png,Zekrom.png,644Zekrom.png,644.png,
645,Landorus,Incarnate,,645-incarnate.png,Landorus_Incarnate.png,645Landorus_Incarnate.png,645.png,
645,Landorus,Therian,2,645-therian.png,Landorus_Therian.png,645Landorus_Therian.png,645_f2.png,
646,Kyurem,,,646.png,Kyurem.png,646Kyurem.png,646.png,
646,Kyurem,Black,3,646-black.png,Kyurem_Black.png,646Kyurem_Black.png,646_f3.png,
646,Kyurem,White,2,646-white.png,Kyurem_White.png,646Kyurem_White.png,646_f2.png,
647,Keldeo,Ordinary,,647-ordinary.png,Keldeo_Ordinary.png,647Keldeo_Ordinary.png,647.png,
647,Keldeo,Resolute,2,647-resolute.png,Keldeo_Resolute.png,647Keldeo_Resolute.png,647_f2.png,
648,Meloetta,Aria,,648-aria.png,Meloetta_Aria.png,648Meloetta_Aria.png,648.png,
648,Meloetta,Pirouette,2,648-pirouette.png,Meloetta_Pirouette.png,648Meloetta_Pirouette.png,648_f2.png,
649,Genesect,,,649.png,Genesect.png,649Genesect.png,649.png,
649,Genesect,Burn,99,649-burn.png,Genesect_Burn.png,649Genesect_Burn.png,649_f99.png,
649,Genesect,Chill,99,649-chill.png,Genesect_Chill.png,649Genesect_Chill.png,649_f99.png,
649,Genesect,Douse,99,649-douse.png,Genesect_Douse.png,649Genesect_Douse.png,649_f99.png,
649,Genesect,Shock,99,649-shock.png,Genesect_Shock.png,649Genesect_Shock.png,649_f99.png,
650,Chespin,,,650.png,Chespin.png,650Chespin.png,650.png,
651,Quilladin,,,651.png,Quilladin.png,651Quilladin.png,651.png,
652,Chesnaught,,,652.png,Chesnaught.png,652Chesnaught.png,652.png,
653,Fennekin,,,653.png,Fennekin.png,653Fennekin.png,653.png,
654,Braixen,,,654.png,Braixen.png,654Braixen.png,654.png,
655,Delphox,,,655.png,Delphox.png,655Delphox.png,655.png,
656,Froakie,,,656.png,Froakie.png,656Froakie.png,656.png,
657,Frogadier,,,657.png,Frogadier.png,657Frogadier.png,657.png,
658,Greninja,,,658.png,Greninja.png,658Greninja.png,658.png,
658,Greninja,Ash,2,658-ash.png,Greninja_Ash.png,658Greninja_Ash.png,658_f2.png,
659,Bunnelby,,,659.png,Bunnelby.png,659Bunnelby.png,659.png,
660,Diggersby,,,660.png,Diggersby.png,660Diggersby.png,660.png,
661,Fletchling,,,661.png,Fletchling.png,661Fletchling.png,661.png,
662,Fletchinder,,,662.png,Fletchinder.png,662Fletchinder.png,662.png,
663,Talonflame,,,663.png,Talonflame.png,663Talonflame.png,663.png,
664,Scatterbug,,,664.png,Scatterbug.png,664Scatterbug.png,664.png,
665,Spewpa,,,665.png,Spewpa.png,665Spewpa.png,665.png,
666,Vivillon,Archipelago,99,666-archipelago.png,Vivillon_Archipelago.png,666Vivillon_Archipelago.png,666_f99.png,
666,Vivillon,Poké-Ball,99,666-poké-ball.png,Vivillon_Poké-Ball.png,666Vivillon_Poké-Ball.png,666_f99.png,
666,Vivillon,Fancy,99,666-fancy.png,Vivillon_Fancy.png,666Vivillon_Fancy.png,666_f99.png,
666,Vivillon,Continental,2,666-continental.png,Vivillon_Continental.png,666Vivillon_Continental.png,666_f2.png,
666,Vivillon,Elegant,4,666-elegant.png,Vivillon_Elegant.png,666Vivillon_Elegant.png,666_f4.png,
666,Vivillon,Garden,3,666-garden.png,Vivillon_Garden.png,666Vivillon_Garden.png,666_f3.png,
666,Vivillon,High-Plains,6,666-high-plains.png,Vivillon_High-Plains.png,666Vivillon_High-Plains.png,666_f6.png,
666,Vivillon,Icy-Snow,99,666-icy-snow.png,Vivillon_Icy-Snow.png,666Vivillon_Icy-Snow.png,666_f99.png,
666,Vivillon,Jungle,99,666-jungle.png,Vivillon_Jungle.png,666Vivillon_Jungle.png,666_f99.png,
666,Vivillon,Marine,5,666-marine.png,Vivillon_Marine.png,666Vivillon_Marine.png,666_f5.png,
666,Vivillon,Meadow,,666-meadow.png,Vivillon_Meadow.png,666Vivillon_Meadow.png,666.png,
666,Vivillon,Modern,99,666-modern.png,Vivillon_Modern.png,666Vivillon_Modern.png,666_f99.png,
666,Vivillon,Monsoon,99,666-monsoon.png,Vivillon_Monsoon.png,666Vivillon_Monsoon.png,666_f99.png,
666,Vivillon,Ocean,99,666-ocean.png,Vivillon_Ocean.png,666Vivillon_Ocean.png,666_f99.png,
666,Vivillon,Polar,99,666-polar.png,Vivillon_Polar.png,666Vivillon_Polar.png,666_f99.png,
666,Vivillon,River,7,666-river.png,Vivillon_River.png,666Vivillon_River.png,666_f7.png,
666,Vivillon,Sandstorm,99,666-sandstorm.png,Vivillon_Sandstorm.png,666Vivillon_Sandstorm.png,666_f99.png,
666,Vivillon,Savanna,99,666-savanna.png,Vivillon_Savanna.png,666Vivillon_Savanna.png,666_f99.png,
666,Vivillon,Sun,99,666-sun.png,Vivillon_Sun.png,666Vivillon_Sun.png,666_f99.png,
666,Vivillon,Tundra,99,666-tundra.png,Vivillon_Tundra.png,666Vivillon_Tundra.png,666_f99.png,
667,Litleo,,,667.png,Litleo.png,667Litleo.png,667.png,
668,Pyroar,,,668.png,Pyroar.png,668Pyroar.png,668.png,
669,Flabébé,Red,,669-red.png,Flabébé_Red.png,669Flabébé_Red.png,669.png,
669,Flabébé,Yellow,99,669-yellow.png,Flabébé_Yellow.png,669Flabébé_Yellow.png,669_f99.png,
669,Flabébé,Orange,99,669-orange.png,Flabébé_Orange.png,669Flabébé_Orange.png,669_f99.png,
669,Flabébé,Blue,99,669-blue.png,Flabébé_Blue.png,669Flabébé_Blue.png,669_f99.png,
669,Flabébé,White,99,669-white.png,Flabébé_White.png,669Flabébé_White.png,669_f99.png,
670,Floette,Red,,670-red.png,Floette_Red.png,670Floette_Red.png,670.png,
670,Floette,Yellow,99,670-yellow.png,Floette_Yellow.png,670Floette_Yellow.png,670_f99.png,
670,Floette,Orange,99,670-orange.png,Floette_Orange.png,670Floette_Orange.png,670_f99.png,
670,Floette,Blue,99,670-blue.png,Floette_Blue.png,670Floette_Blue.png,670_f99.png,
670,Floette,White,99,670-white.png,Floette_White.png,670Floette_White.png,670_f99.png,
671,Florges,Red,,671-red.png,Florges_Red.png,671Florges_Red.png,671.png,
671,Florges,Yellow,99,671-yellow.png,Florges_Yellow.png,671Florges_Yellow.png,671_f99.png,
671,Florges,Orange,99,671-orange.png,Florges_Orange.png,671Florges_Orange.png,671_f99.png,
671,Florges,Blue,99,671-blue.png,Florges_Blue.png,671Florges_Blue.png,671_f99.png,
671,Florges,White,99,671-white.png,Florges_White.png,671Florges_White.png,671_f99.png,
672,Skiddo,,,672.png,Skiddo.png,672Skiddo.png,672.png,
673,Gogoat,,,673.png,Gogoat.png,673Gogoat.png,673.png,
674,Pancham,,,674.png,Pancham.png,674Pancham.png,674.png,
675,Pangoro,,,675.png,Pangoro.png,675Pangoro.png,675.png,
676,Furfrou,,,676.png,Furfrou.png,676Furfrou.png,676.png,
677,Espurr,,,677.png,Espurr.png,677Espurr.png,677.png,
678,Meowstic,,,678.png,Meowstic.png,678Meowstic.png,678.png,
679,Honedge,,,679.png,Honedge.png,679Honedge.png,679.png,
680,Doublade,,,680.png,Doublade.png,680Doublade.png,680.png,
681,Aegislash,Shield,,681-shield.png,Aegislash_Shield.png,681Aegislash_Shield.png,681.png,
681,Aegislash,Blade,2,681-blade.png,Aegislash_Blade.png,681Aegislash_Blade.png,681_f2.png,
682,Spritzee,,,682.png,Spritzee.png,682Spritzee.png,682.png,
683,Aromatisse,,,683.png,Aromatisse.png,683Aromatisse.png,683.png,
684,Swirlix,,,684.png,Swirlix.png,684Swirlix.png,684.png,
685,Slurpuff,,,685.png,Slurpuff.png,685Slurpuff.png,685.png,
686,Inkay,,,686.png,Inkay.png,686Inkay.png,686.png,
687,Malamar,,,687.png,Malamar.png,687Malamar.png,687.png,
688,Binacle,,,688.png,Binacle.png,688Binacle.png,688.png,
689,Barbaracle,,,689.png,Barbaracle.png,689Barbaracle.png,689.png,
690,Skrelp,,,690.png,Skrelp.png,690Skrelp.png,690.png,
691,Dragalge,,,691.png,Dragalge.png,691Dragalge.png,691.png,
692,Clauncher,,,692.png,Clauncher.png,692Clauncher.png,692.png,
693,Clawitzer,,,693.png,Clawitzer.png,693Clawitzer.png,693.png,
694,Helioptile,,,694.png,Helioptile.png,694Helioptile.png,694.png,
695,Heliolisk,,,695.png,Heliolisk.png,695Heliolisk.png,695.png,
696,Tyrunt,,,696.png,Tyrunt.png,696Tyrunt.png,696.png,
697,Tyrantrum,,,697.png,Tyrantrum.png,697Tyrantrum.png,697.png,
698,Amaura,,,698.png,Amaura.png,698Amaura.png,698.png,
699,Aurorus,,,699.png,Aurorus.png,699Aurorus.png,699.png,
700,Sylveon,,,700.png,Sylveon.png,700Sylveon.png,700.png,
701,Hawlucha,,,701.png,Hawlucha.png,701Hawlucha.png,701.png,
702,Dedenne,,,702.png,Dedenne.png,702Dedenne.png,702.png,
703,Carbink,,,703.png,Carbink.png,703Carbink.png,703.png,
704,Goomy,,,704.png,Goomy.png,704Goomy.png,704.png,
705,Sliggoo,,,705.png,Sliggoo.png,705Sliggoo.png,705.png,
705,Sliggoo,Hisui,99,705-hisui.png,Sliggoo_Hisui.png,705Sliggoo_Hisui.png,705_f99.png,
706,Goodra,,,706.png,Goodra.png,706Goodra.png,706.png,
706,Goodra,Hisui,99,706-hisui.png,Goodra_Hisui.png,706Goodra_Hisui.png,706_f99.png,
707,Klefki,,,707.png,Klefki.png,707Klefki.png,707.png,
708,Phantump,,,708.png,Phantump.png,708Phantump.png,708.png,
709,Trevenant,,,709.png,Trevenant.png,709Trevenant.png,709.png,
710,Pumpkaboo,,,710.png,Pumpkaboo.png,710Pumpkaboo.png,710.png,
711,Gourgeist,,,711.png,Gourgeist.png,711Gourgeist.png,711.png,
712,Bergmite,,,712.png,Bergmite.png,712Bergmite.png,712.png,
713,Avalugg,,,713.png,Avalugg.png,713Avalugg.png,713.png,
713,Avalugg,Hisui,99,713-hisui.png,Avalugg_Hisui.png,713Avalugg_Hisui.png,713_f99.png,
714,Noibat,,,714.png,Noibat.png,714Noibat.png,714.png,
715,Noivern,,,715.png,Noivern.png,715Noivern.png,715.png,
716,Xerneas,Active,,716-active.png,Xerneas_Active.png,716Xerneas_Active.png,716.png,
716,Xerneas,Neutral,99,716-neutral.png,Xerneas_Neutral.png,716Xerneas_Neutral.png,716_f99.png,
717,Yveltal,,,717.png,Yveltal.png,717Yveltal.png,717.png,
718,Zygarde,50,,718-50.png,Zygarde_50.png,718Zygarde_50.png,718.png,
718,Zygarde,10,2,718-10.png,Zygarde_10.png,718Zygarde_10.png,718_f2.png,
718,Zygarde,Complete,3,718-complete.png,Zygarde_Complete.png,718Zygarde_Complete.png,718_f3.png,
719,Diancie,,,719.png,Diancie.png,719Diancie.png,719.png,
719,Diancie,Mega,2,719-mega.png,Diancie_Mega.png,719Diancie_Mega.png,719_f2.png,
720,Hoopa,Confined,,720-confined.png,Hoopa_Confined.png,720Hoopa_Confined.png,720.png,
720,Hoopa,Unbound,2,720-unbound.png,Hoopa_Unbound.png,720Hoopa_Unbound.png,720_f2.png,
721,Volcanion,,,721.png,Volcanion.png,721Volcanion.png,721.png,
722,Rowlet,,,722.png,Rowlet.png,722Rowlet.png,722.png,
723,Dartrix,,,723.png,Dartrix.png,723Dartrix.png,723.png,
724,Decidueye,,,724.png,Decidueye.png,724Decidueye.png,724.png,
724,Decidueye,Hisui,99,724-hisui.png,Decidueye_Hisui.png,724Decidueye_Hisui.png,724_f99.png,
725,Litten,,,725.png,Litten.png,725Litten.png,725.png,
726,Torracat,,,726.png,Torracat.png,726Torracat.png,726.png,
727,Incineroar,,,727.png,Incineroar.png,727Incineroar.png,727.png,
728,Popplio,,,728.png,Popplio.png,728Popplio.png,728.png,
729,Brionne,,,729.png,Brionne.png,729Brionne.png,729.png,
730,Primarina,,,730.png,Primarina.png,730Primarina.png,730.png,
731,Pikipek,,,731.png,Pikipek.png,731Pikipek.png,731.png,
732,Trumbeak,,,732.png,Trumbeak.png,732Trumbeak.png,732.png,
733,Toucannon,,,733.png,Toucannon.png,733Toucannon.png,733.png,
734,Yungoos,,,734.png,Yungoos.png,734Yungoos.png,734.png,
735,Gumshoos,,,735.png,Gumshoos.png,735Gumshoos.png,735.png,
736,Grubbin,,,736.png,Grubbin.png,736Grubbin.png,736.png,
737,Charjabug,,,737.png,Charjabug.png,737Charjabug.png,737.png,
738,Vikavolt,,,738.png,Vikavolt.png,738Vikavolt.png,738.png,
739,Crabrawler,,,739.png,Crabrawler.png,739Crabrawler.png,739.png,
740,Crabominable,,,740.png,Crabominable.png,740Crabominable.png,740.png,
741,Oricorio,Baile,,741-baile.png,Oricorio_Baile.png,741Oricorio_Baile.png,741.png,
741,Oricorio,Pa'u,3,741-pa'u.png,Oricorio_Pau.png,741Oricorio_Pau.png,741_f3.png,
741,Oricorio,Pom-Pom,2,741-pom-pom.png,Oricorio_Pom-Pom.png,741Oricorio_Pom-Pom.png,741_f2.png,
741,Oricorio,Sensu,4,741-sensu.png,Oricorio_Sensu.png,741Oricorio_Sensu.png,741_f4.png,
742,Cutiefly,,,742.png,Cutiefly.png,742Cutiefly.png,742.png,
743,Ribombee,,,743.png,Ribombee.png,743Ribombee.png,743.png,
744,Rockruff,,,744.png,Rockruff.png,744Rockruff.png,744.png,
745,Lycanroc,Midday,,745-midday.png,Lycanroc_Midday.png,745Lycanroc_Midday.png,745.png,
745,Lycanroc,Midnight,2,745-midnight.png,Lycanroc_Midnight.png,745Lycanroc_Midnight.png,745_f2.png,
745,Lycanroc,Dusk,3,745-dusk.png,Lycanroc_Dusk.png,745Lycanroc_Dusk.png,745_f3.png,
746,Wishiwashi,School,2,746-school.png,Wishiwashi_School.png,746Wishiwashi_School.png,746_f2.png,
746,Wishiwashi,Solo,,746-solo.png,Wishiwashi_Solo.png,746Wishiwashi_Solo.png,746.png,
747,Mareanie,,,747.png,Mareanie.png,747Mareanie.png,747.png,
748,Toxapex,,,748.png,Toxapex.png,748Toxapex.png,748.png,
749,Mudbray,,,749.png,Mudbray.png,749Mudbray.png,749.png,
750,Mudsdale,,,750.png,Mudsdale.png,750Mudsdale.png,750.png,
751,Dewpider,,,751.png,Dewpider.png,751Dewpider.png,751.png,
752,Araquanid,,,752.png,Araquanid.png,752Araquanid.png,752.png,
753,Fomantis,,,753.png,Fomantis.png,753Fomantis.png,753.png,
754,Lurantis,,,754.png,Lurantis.png,754Lurantis.png,754.png,
755,Morelull,,,755.png,Morelull.png,755Morelull.png,755.png,
756,Shiinotic,,,756.png,Shiinotic.png,756Shiinotic.png,756.png,
757,Salandit,,,757.png,Salandit.png,757Salandit.png,757.png,
758,Salazzle,,,758.png,Salazzle.png,758Salazzle.png,758.png,
759,Stufful,,,759.png,Stufful.png,759Stufful.png,759.png,
760,Bewear,,,760.png,Bewear.png,760Bewear.png,760.png,
761,Bounsweet,,,761.png,Bounsweet.png,761Bounsweet.png,761.png,
762,Steenee,,,762.png,Steenee.png,762Steenee.png,762.png,
763,Tsareena,,,763.png,Tsareena.png,763Tsareena.png,763.png,
764,Comfey,,,764.png,Comfey.png,764Comfey.png,764.png,
765,Oranguru,,,765.png,Oranguru.png,765Oranguru.png,765.png,
766,Passimian,,,766.png,Passimian.png,766Passimian.png,766.png,
767,Wimpod,,,767.png,Wimpod.png,767Wimpod.png,767.png,
768,Golisopod,,,768.png,Golisopod.png,768Golisopod.png,768.png,
769,Sandygast,,,769.png,Sandygast.png,769Sandygast.png,769.png,
770,Palossand,,,770.png,Palossand.png,770Palossand.png,770.png,
771,Pyukumuku,,,771.png,Pyukumuku.png,771Pyukumuku.png,771.png,
772,Type: Null,,,772.png,Type: Null.png,772Type: Null.png,772.png,
773,Silvally,,,773.png,Silvally.png,773Silvally.png,773.png,
773,Silvally,Fighting,99,773-fighting.png,Silvally_Fighting.png,773Silvally_Fighting.png,773_f99.png,
773,Silvally,Flying,99,773-flying.png,Silvally_Flying.png,773Silvally_Flying.png,773_f99.png,
773,Silvally,Poison,99,773-poison.png,Silvally_Poison.png,773Silvally_Poison.png,773_f99.png,
773,Silvally,Ground,99,773-ground.png,Silvally_Ground.png,773Silvally_Ground.png,773_f99.png,
773,Silvally,Rock,99,773-rock.png,Silvally_Rock.png,773Silvally_Rock.png,773_f99.png,
773,Silvally,Bug,99,773-bug.png,Silvally_Bug.png,773Silvally_Bug.png,773_f99.png,
773,Silvally,Ghost,99,773-ghost.png,Silvally_Ghost.png,773Silvally_Ghost.png,773_f99.png,
773,Silvally,Steel,99,773-steel.png,Silvally_Steel.png,773Silvally_Steel.png,773_f99.png,
773,Silvally,Fire,99,773-fire.png,Silvally_Fire.png,773Silvally_Fire.png,773_f99.png,
773,Silvally,Water,99,773-water.png,Silvally_Water.png,773Silvally_Water.png,773_f99.png,
773,Silvally,Grass,99,773-grass.png,Silvally_Grass.png,773Silvally_Grass.png,773_f99.png,
773,Silvally,Electric,99,773-electric.png,Silvally_Electric.png,773Silvally_Electric.png,773_f99.png,
773,Silvally,Psychic,99,773-psychic.png,Silvally_Psychic.png,773Silvally_Psychic.png,773_f99.png,
773,Silvally,Ice,99,773-ice.png,Silvally_Ice.png,773Silvally_Ice.png,773_f99.png,
773,Silvally,Dragon,99,773-dragon.png,Silvally_Dragon.png,773Silvally_Dragon.png,773_f99.png,
773,Silvally,Dark,99,773-dark.png,Silvally_Dark.png,773Silvally_Dark.png,773_f99.png,
773,Silvally,Fairy,99,773-fairy.png,Silvally_Fairy.png,773Silvally_Fairy.png,773_f99.png,
774,Minior,Core,99,774-core.png,Minior_Core.png,774Minior_Core.png,774_f99.png,
774,Minior,Meteor,,774-meteor.png,Minior_Meteor.png,774Minior_Meteor.png,774.png,
775,Komala,,,775.png,Komala.png,775Komala.png,775.png,
776,Turtonator,,,776.png,Turtonator.png,776Turtonator.png,776.png,
777,Togedemaru,,,777.png,Togedemaru.png,777Togedemaru.png,777.png,
778,Mimikyu,Disguised,,778-disguised.png,Mimikyu_Disguised.png,778Mimikyu_Disguised.png,778.png,
778,Mimikyu,Busted,99,778-busted.png,Mimikyu_Busted.png,778Mimikyu_Busted.png,778_f99.png,
779,Bruxish,,,779.png,Bruxish.png,779Bruxish.png,779.png,
780,Drampa,,,780.png,Drampa.png,780Drampa.png,780.png,
781,Dhelmise,,,781.png,Dhelmise.png,781Dhelmise.png,781.png,
782,Jangmo-o,,,782.png,Jangmo-o.png,782Jangmo-o.png,782.png,
783,Hakamo-o,,,783.png,Hakamo-o.png,783Hakamo-o.png,783.png,
784,Kommo-o,,,784.png,Kommo-o.png,784Kommo-o.png,784.png,
785,Tapu Koko,,,785.png,Tapu Koko.png,785Tapu Koko.png,785.png,
786,Tapu Lele,,,786.png,Tapu Lele.png,786Tapu Lele.png,786.png,
787,Tapu Bulu,,,787.png,Tapu Bulu.png,787Tapu Bulu.png,787.png,
788,Tapu Fini,,,788.png,Tapu Fini.png,788Tapu Fini.png,788.png,
789,Cosmog,,,789.png,Cosmog.png,789Cosmog.png,789.png,
790,Cosmoem,,,790.png,Cosmoem.png,790Cosmoem.png,790.png,
791,Solgaleo,,,791.png,Solgaleo.png,791Solgaleo.png,791.png,
792,Lunala,,,792.png,Lunala.png,792Lunala.png,792.png,
793,Nihilego,,,793.png,Nihilego.png,793Nihilego.png,793.png,
794,Buzzwole,,,794.png,Buzzwole.png,794Buzzwole.png,794.png,
795,Pheromosa,,,795.png,Pheromosa.png,795Pheromosa.png,795.png,
796,Xurkitree,,,796.png,Xurkitree.png,796Xurkitree.png,796.png,
797,Celesteela,,,797.png,Celesteela.png,797Celesteela.png,797.png,
798,Kartana,,,798.png,Kartana.png,798Kartana.png,798.png,
799,Guzzlord,,,799.png,Guzzlord.png,799Guzzlord.png,799.png,
800,Necrozma,,,800.png,Necrozma.png,800Necrozma.png,800.png,
800,Necrozma,Dusk-Mane,2,800-dusk-mane.png,Necrozma_Dusk-Mane.png,800Necrozma_Dusk-Mane.png,800_f2.png,
800,Necrozma,Dawn-Wings,3,800-dawn-wings.png,Necrozma_Dawn-Wings.png,800Necrozma_Dawn-Wings.png,800_f3.png,
800,Necrozma,Ultra,4,800-ultra.png,Necrozma_Ultra.png,800Necrozma_Ultra.png,800_f4.png,
801,Magearna,,,801.png,Magearna.png,801Magearna.png,801.png,
801,Magearna,Original-Color-,99,801-original-color-.png,Magearna_Original-Color-.png,801Magearna_Original-Color-.png,801_f99.png,
802,Marshadow,,,802.png,Marshadow.png,802Marshadow.png,802.png,
803,Poipole,,,803.png,Poipole.png,803Poipole.png,803.png,
804,Naganadel,,,804.png,Naganadel.png,804Naganadel.png,804.png,
805,Stakataka,,,805.png,Stakataka.png,805Stakataka.png,805.png,
806,Blacephalon,,,806.png,Blacephalon.png,806Blacephalon.png,806.png,
807,Zeraora,,,807.png,Zeraora.png,807Zeraora.png,807.png,
808,Meltan,,,808.png,Meltan.png,808Meltan.png,808.png,
809,Melmetal,,,809.png,Melmetal.png,809Melmetal.png,809.png,
809,Melmetal,Gmax,2,809-gmax.png,Melmetal_Gmax.png,809Melmetal_Gmax.png,809_f2.png,
810,Grookey,,,810.png,Grookey.png,810Grookey.png,810.png,
811,Thwackey,,,811.png,Thwackey.png,811Thwackey.png,811.png,
812,Rillaboom,,,812.png,Rillaboom.png,812Rillaboom.png,812.png,
812,Rillaboom,Gmax,2,812-gmax.png,Rillaboom_Gmax.png,812Rillaboom_Gmax.png,812_f2.png,
813,Scorbunny,,,813.png,Scorbunny.png,813Scorbunny.png,813.png,
814,Raboot,,,814.png,Raboot.png,814Raboot.png,814.png,
815,Cinderace,,,815.png,Cinderace.png,815Cinderace.png,815.png,
815,Cinderace,Gmax,2,815-gmax.png,Cinderace_Gmax.png,815Cinderace_Gmax.png,815_f2.png,
816,Sobble,,,816.png,Sobble.png,816Sobble.png,816.png,
817,Drizzile,,,817.png,Drizzile.png,817Drizzile.png,817.png,
818,Inteleon,,,818.png,Inteleon.png,818Inteleon.png,818.png,
818,Inteleon,Gmax,2,818-gmax.png,Inteleon_Gmax.png,818Inteleon_Gmax.png,818_f2.png,
819,Skwovet,,,819.png,Skwovet.png,819Skwovet.png,819.png,
820,Greedent,,,820.png,Greedent.png,820Greedent.png,820.png,
821,Rookidee,,,821.png,Rookidee.png,821Rookidee.png,821.png,
822,Corvisquire,,,822.png,Corvisquire.png,822Corvisquire.png,822.png,
823,Corviknight,,,823.png,Corviknight.png,823Corviknight.png,823.png,
823,Corviknight,Gmax,2,823-gmax.png,Corviknight_Gmax.png,823Corviknight_Gmax.png,823_f2.png,
824,Blipbug,,,824.png,Blipbug.png,824Blipbug.png,824.png,
825,Dottler,,,825.png,Dottler.png,825Dottler.png,825.png,
826,Orbeetle,,,826.png,Orbeetle.png,826Orbeetle.png,826.png,
826,Orbeetle,Gmax,2,826-gmax.png,Orbeetle_Gmax.png,826Orbeetle_Gmax.png,826_f2.png,
827,Nickit,,,827.png,Nickit.png,827Nickit.png,827.png,
828,Thievul,,,828.png,Thievul.png,828Thievul.png,828.png,
829,Gossifleur,,,829.png,Gossifleur.png,829Gossifleur.png,829.png,
830,Eldegoss,,,830.png,Eldegoss.png,830Eldegoss.png,830.png,
831,Wooloo,,,831.png,Wooloo.png,831Wooloo.png,831.png,
832,Dubwool,,,832.png,Dubwool.png,832Dubwool.png,832.png,
833,Chewtle,,,833.png,Chewtle.png,833Chewtle.png,833.png,
834,Drednaw,,,834.png,Drednaw.png,834Drednaw.png,834.png,
834,Drednaw,Gmax,2,834-gmax.png,Drednaw_Gmax.png,834Drednaw_Gmax.png,834_f2.png,
835,Yamper,,,835.png,Yamper.png,835Yamper.png,835.png,
836,Boltund,,,836.png,Boltund.png,836Boltund.png,836.png,
837,Rolycoly,,,837.png,Rolycoly.png,837Rolycoly.png,837.png,
838,Carkol,,,838.png,Carkol.png,838Carkol.png,838.png,
839,Coalossal,,,839.png,Coalossal.png,839Coalossal.png,839.png,
839,Coalossal,Gmax,2,839-gmax.png,Coalossal_Gmax.png,839Coalossal_Gmax.png,839_f2.png,
840,Applin,,,840.png,Applin.png,840Applin.png,840.png,
841,Flapple,,,841.png,Flapple.png,841Flapple.png,841.png,
841,Flapple,Gmax,2,841-gmax.png,Flapple_Gmax.png,841Flapple_Gmax.png,841_f2.png,
842,Appletun,,,842.png,Appletun.png,842Appletun.png,842.png,
842,Appletun,Gmax,2,842-gmax.png,Appletun_Gmax.png,842Appletun_Gmax.png,842_f2.png,
843,Silicobra,,,843.png,Silicobra.png,843Silicobra.png,843.png,
844,Sandaconda,,,844.png,Sandaconda.png,844Sandaconda.png,844.png,
844,Sandaconda,Gmax,2,844-gmax.png,Sandaconda_Gmax.png,844Sandaconda_Gmax.png,844_f2.png,
845,Cramorant,,,845.png,Cramorant.png,845Cramorant.png,845.png,
845,Cramorant,Gulping,99,845-gulping.png,Cramorant_Gulping.png,845Cramorant_Gulping.png,845_f99.png,
845,Cramorant,Gorging,99,845-gorging.png,Cramorant_Gorging.png,845Cramorant_Gorging.png,845_f99.png,
846,Arrokuda,,,846.png,Arrokuda.png,846Arrokuda.png,846.png,
847,Barraskewda,,,847.png,Barraskewda.png,847Barraskewda.png,847.png,
848,Toxel,,,848.png,Toxel.png,848Toxel.png,848.png,
849,Toxtricity,Low-Key,,849-low-key.png,Toxtricity_Low-Key.png,849Toxtricity_Low-Key.png,849.png,
849,Toxtricity,Gmax,3,849-gmax.png,Toxtricity_Gmax.png,849Toxtricity_Gmax.png,849_f3.png,
849,Toxtricity,Amped,2,849-amped.png,Toxtricity_Amped.png,849Toxtricity_Amped.png,849_f2.png,
850,Sizzlipede,,,850.png,Sizzlipede.png,850Sizzlipede.png,850.png,
851,Centiskorch,,,851.png,Centiskorch.png,851Centiskorch.png,851.png,
851,Centiskorch,Gmax,2,851-gmax.png,Centiskorch_Gmax.png,851Centiskorch_Gmax.png,851_f2.png,
852,Clobbopus,,,852.png,Clobbopus.png,852Clobbopus.png,852.png,
853,Grapploct,,,853.png,Grapploct.png,853Grapploct.png,853.png,
854,Sinistea,,,854.png,Sinistea.png,854Sinistea.png,854.png,
855,Polteageist,,,855.png,Polteageist.png,855Polteageist.png,855.png,
856,Hatenna,,,856.png,Hatenna.png,856Hatenna.png,856.png,
857,Hattrem,,,857.png,Hattrem.png,857Hattrem.png,857.png,
858,Hatterene,,,858.png,Hatterene.png,858Hatterene.png,858.png,
858,Hatterene,Gmax,2,858-gmax.png,Hatterene_Gmax.png,858Hatterene_Gmax.png,858_f2.png,
859,Impidimp,,,859.png,Impidimp.png,859Impidimp.png,859.png,
860,Morgrem,,,860.png,Morgrem.png,860Morgrem.png,860.png,
861,Grimmsnarl,,,861.png,Grimmsnarl.png,861Grimmsnarl.png,861.png,
861,Grimmsnarl,Gmax,2,861-gmax.png,Grimmsnarl_Gmax.png,861Grimmsnarl_Gmax.png,861_f2.png,
862,Obstagoon,,,862.png,Obstagoon.png,862Obstagoon.png,862.png,
863,Perrserker,,,863.png,Perrserker.png,863Perrserker.png,863.png,
864,Cursola,,,864.png,Cursola.png,864Cursola.png,864.png,
865,Sirfetch'd,,,865.png,Sirfetch'd.png,865Sirfetch'd.png,865.png,
866,Mr. Rime,,,866.png,Mr. Rime.png,866Mr. Rime.png,866.png,
867,Runerigus,,,867.png,Runerigus.png,867Runerigus.png,867.png,
868,Milcery,,,868.png,Milcery.png,868Milcery.png,868.png,
869,Alcremie,,,869.png,Alcremie.png,869Alcremie.png,869.png,
869,Alcremie,Gmax,2,869-gmax.png,Alcremie_Gmax.png,869Alcremie_Gmax.png,869_f2.png,
870,Falinks,,,870.png,Falinks.png,870Falinks.png,870.png,
871,Pincurchin,,,871.png,Pincurchin.png,871Pincurchin.png,871.png,
872,Snom,,,872.png,Snom.png,872Snom.png,872.png,
873,Frosmoth,,,873.png,Frosmoth.png,873Frosmoth.png,873.png,
874,Stonjourner,,,874.png,Stonjourner.png,874Stonjourner.png,874.png,
875,Eiscue,Ice,,875-ice.png,Eiscue_Ice.png,875Eiscue_Ice.png,875.png,
875,Eiscue,Noice,99,875-noice.png,Eiscue_Noice.png,875Eiscue_Noice.png,875_f99.png,
876,Indeedee,,99,876.png,Indeedee.png,876Indeedee.png,876_f99.png,
876,Indeedee,Male,,876-male.png,Indeedee_Male.png,876Indeedee_Male.png,876.png,
876,Indeedee,Female,2,876-female.png,Indeedee_Female.png,876Indeedee_Female.png,876_f2.png,
877,Morpeko,Full,,877-full.png,Morpeko_Full.png,877Morpeko_Full.png,877.png,
877,Morpeko,Hangry,2,877-hangry.png,Morpeko_Hangry.png,877Morpeko_Hangry.png,877_f2.png,
878,Cufant,,,878.png,Cufant.png,878Cufant.png,878.png,
879,Copperajah,,,879.png,Copperajah.png,879Copperajah.png,879.png,
879,Copperajah,Gmax,2,879-gmax.png,Copperajah_Gmax.png,879Copperajah_Gmax.png,879_f2.png,
880,Dracozolt,,,880.png,Dracozolt.png,880Dracozolt.png,880.png,
881,Arctozolt,,,881.png,Arctozolt.png,881Arctozolt.png,881.png,
882,Dracovish,,,882.png,Dracovish.png,882Dracovish.png,882.png,
883,Arctovish,,,883.png,Arctovish.png,883Arctovish.png,883.png,
884,Duraludon,,,884.png,Duraludon.png,884Duraludon.png,884.png,
884,Duraludon,Gmax,2,884-gmax.png,Duraludon_Gmax.png,884Duraludon_Gmax.png,884_f2.png,
885,Dreepy,,,885.png,Dreepy.png,885Dreepy.png,885.png,
886,Drakloak,,,886.png,Drakloak.png,886Drakloak.png,886.png,
887,Dragapult,,,887.png,Dragapult.png,887Dragapult.png,887.png,
888,Zacian,Crowned,2,888-crowned.png,Zacian_Crowned.png,888Zacian_Crowned.png,888_f2.png,
888,Zacian,Hero,,888-hero.png,Zacian_Hero.png,888Zacian_Hero.png,888.png,
889,Zamazenta,Crowned,2,889-crowned.png,Zamazenta_Crowned.png,889Zamazenta_Crowned.png,889_f2.png,
889,Zamazenta,Hero,,889-hero.png,Zamazenta_Hero.png,889Zamazenta_Hero.png,889.png,
890,Eternatus,,,890.png,Eternatus.png,890Eternatus.png,890.png,
890,Eternatus,Giga,2,890-giga.png,Eternatus_Giga.png,890Eternatus_Giga.png,890_f2.png,
891,Kubfu,,,891.png,Kubfu.png,891Kubfu.png,891.png,
892,Urshifu,Rapid-Strike,2,892-rapid-strike.png,Urshifu_Rapid-Strike.png,892Urshifu_Rapid-Strike.png,892_f2.png,
892,Urshifu,Single-Strike,,892-single-strike.png,Urshifu_Single-Strike.png,892Urshifu_Single-Strike.png,892.png,
892,Urshifu,Gmax-Rapid-Strike,4,892-gmax-rapid-strike.png,Urshifu_Gmax-Rapid-Strike.png,892Urshifu_Gmax-Rapid-Strike.png,892_f4.png,
892,Urshifu,Gmax-Single-Strike,3,892-gmax-single-strike.png,Urshifu_Gmax-Single-Strike.png,892Urshifu_Gmax-Single-Strike.png,892_f3.png,
893,Zarude,,,893.png,Zarude.png,893Zarude.png,893.png,
893,Zarude,Dada,99,893-dada.png,Zarude_Dada.png,893Zarude_Dada.png,893_f99.png,
894,Regieleki,,,894.png,Regieleki.png,894Regieleki.png,894.png,
895,Regidrago,,,895.png,Regidrago.png,895Regidrago.png,895.png,
898,Calyrex,,,898.png,Calyrex.png,898Calyrex.png,898.png,
898,Calyrex,Ice-Rider,2,898-ice-rider.png,Calyrex_Ice-Rider.png,898Calyrex_Ice-Rider.png,898_f2.png,
898,Calyrex,Shadow-Rider,3,898-shadow-rider.png,Calyrex_Shadow-Rider.png,898Calyrex_Shadow-Rider.png,898_f3.png,
899,Wyrdeer,,,899.png,Wyrdeer.png,899Wyrdeer.png,899.png,
900,Kleavor,,,900.png,Kleavor.png,900Kleavor.png,900.png,
901,Ursaluna,,,901.png,Ursaluna.png,901Ursaluna.png,901.png,
902,Basculegion,,,902.png,Basculegion.png,902Basculegion.png,902.png,
903,Sneasler,,,903.png,Sneasler.png,903Sneasler.png,903.png,
903,Sneasler,Hisui,99,903-hisui.png,Sneasler_Hisui.png,903Sneasler_Hisui.png,903_f99.png,
904,Overqwil,,,904.png,Overqwil.png,904Overqwil.png,904.png,
904,Overqwil,Hisui,99,904-hisui.png,Overqwil_Hisui.png,904Overqwil_Hisui.png,904_f99.png,
905,Enamorus,Incarnate,,905-incarnate.png,Enamorus_Incarnate.png,905Enamorus_Incarnate.png,905.png,
905,Enamorus,Therian,2,905-therian.png,Enamorus_Therian.png,905Enamorus_Therian.png,905_f2.png,